population,individual,allele
Burt,1,C
Burt,1,C
Burt,2,C
Burt,2,C
Burt,3,C
Burt,3,C
Burt,4,C
Burt,4,A
Burt,5,C
Burt,5,C
Burt,6,C
Burt,6,C
Burt,7,T
Burt,7,C
Burt,8,A
Burt,8,C
Burt,9,A
Burt,9,C
Burt,10,C
Burt,10,C
Burt,11,G
Burt,11,G
Burt,12,C
Burt,12,C
Burt,13,C
Burt,13,C
Burt,14,C
Burt,14,G
Burt,15,C
Burt,15,C
Burt,16,T
Burt,16,A
Burt,17,C
Burt,17,C
Burt,18,C
Burt,18,A
Burt,19,G
Burt,19,C
Burt,20,C
Burt,20,G
Burt,21,C
Burt,21,T
Burt,22,G
Burt,22,A
Burt,23,C
Burt,23,A
Burt,24,C
Burt,24,C
Burt,25,C
Burt,25,T
Burt,26,C
Burt,26,C
Burt,27,C
Burt,27,C
Burt,28,A
Burt,28,A
Burt,29,C
Burt,29,C
Burt,30,C
Burt,30,G
Burt,31,C
Burt,31,C
Burt,32,C
Burt,32,A
Burt,33,C
Burt,33,A
Burt,34,T
Burt,34,A
Burt,35,C
Burt,35,C
Burt,36,A
Burt,36,C
Burt,37,A
Burt,37,C
Burt,38,C
Burt,38,C
Burt,39,C
Burt,39,C
Burt,40,C
Burt,40,G
Burt,41,G
Burt,41,C
Burt,42,T
Burt,42,T
Burt,43,C
Burt,43,C
Burt,44,A
Burt,44,C
Burt,45,G
Burt,45,A
Burt,46,G
Burt,46,C
Burt,47,G
Burt,47,C
Burt,48,A
Burt,48,A
Burt,49,C
Burt,49,A
Burt,50,C
Burt,50,A
Burt,51,C
Burt,51,C
Burt,52,C
Burt,52,C
Burt,53,G
Burt,53,C
Burt,54,C
Burt,54,C
Burt,55,A
Burt,55,A
Burt,56,T
Burt,56,C
Burt,57,C
Burt,57,G
Burt,58,A
Burt,58,C
Burt,59,T
Burt,59,C
Burt,60,C
Burt,60,C
Burt,61,G
Burt,61,C
Burt,62,C
Burt,62,A
Burt,63,G
Burt,63,C
Burt,64,A
Burt,64,T
Burt,65,G
Burt,65,C
Burt,66,C
Burt,66,C
Burt,67,A
Burt,67,T
Burt,68,G
Burt,68,C
Burt,69,C
Burt,69,C
Burt,70,C
Burt,70,T
Burt,71,G
Burt,71,C
Burt,72,C
Burt,72,C
Burt,73,G
Burt,73,C
Burt,74,T
Burt,74,C
Burt,75,C
Burt,75,A
Burt,76,C
Burt,76,C
Burt,77,C
Burt,77,C
Burt,78,C
Burt,78,A
Burt,79,C
Burt,79,C
Burt,80,C
Burt,80,T
Burt,81,C
Burt,81,C
Burt,82,A
Burt,82,A
Burt,83,C
Burt,83,A
Burt,84,T
Burt,84,C
Burt,85,T
Burt,85,C
Burt,86,C
Burt,86,A
Burt,87,C
Burt,87,C
Burt,88,A
Burt,88,A
Burt,89,A
Burt,89,C
Burt,90,A
Burt,90,A
Burt,91,T
Burt,91,C
Burt,92,T
Burt,92,C
Burt,93,C
Burt,93,G
Burt,94,C
Burt,94,A
Burt,95,C
Burt,95,C
Burt,96,C
Burt,96,C
Burt,97,C
Burt,97,C
Burt,98,A
Burt,98,C
Burt,99,T
Burt,99,A
Burt,100,C
Burt,100,C
Burt,101,C
Burt,101,C
Burt,102,A
Burt,102,C
Burt,103,C
Burt,103,G
Burt,104,G
Burt,104,A
Burt,105,T
Burt,105,C
Burt,106,A
Burt,106,C
Burt,107,C
Burt,107,A
Burt,108,G
Burt,108,A
Burt,109,C
Burt,109,C
Burt,110,C
Burt,110,T
Burt,111,C
Burt,111,C
Burt,112,A
Burt,112,G
Burt,113,A
Burt,113,C
Burt,114,A
Burt,114,A
Burt,115,C
Burt,115,C
Burt,116,T
Burt,116,C
Burt,117,C
Burt,117,G
Burt,118,C
Burt,118,G
Burt,119,G
Burt,119,A
Burt,120,C
Burt,120,C
Burt,121,C
Burt,121,G
Burt,122,T
Burt,122,C
Burt,123,C
Burt,123,C
Burt,124,C
Burt,124,G
Burt,125,C
Burt,125,C
Burt,126,A
Burt,126,T
Burt,127,G
Burt,127,A
Burt,128,T
Burt,128,C
Burt,129,G
Burt,129,A
Burt,130,C
Burt,130,G
Burt,131,A
Burt,131,C
Burt,132,A
Burt,132,C
Burt,133,C
Burt,133,C
Burt,134,A
Burt,134,C
Burt,135,C
Burt,135,C
Burt,136,C
Burt,136,A
Burt,137,A
Burt,137,C
Burt,138,C
Burt,138,C
Burt,139,C
Burt,139,C
Burt,140,A
Burt,140,C
Burt,141,G
Burt,141,T
Burt,142,C
Burt,142,C
Burt,143,A
Burt,143,C
Burt,144,C
Burt,144,A
Burt,145,C
Burt,145,G
Burt,146,C
Burt,146,C
Burt,147,C
Burt,147,T
Burt,148,C
Burt,148,A
Burt,149,C
Burt,149,C
Burt,150,A
Burt,150,A
Burt,151,C
Burt,151,C
Burt,152,A
Burt,152,C
Burt,153,T
Burt,153,C
Burt,154,A
Burt,154,C
Burt,155,C
Burt,155,G
Burt,156,C
Burt,156,C
Burt,157,C
Burt,157,G
Burt,158,G
Burt,158,C
Burt,159,C
Burt,159,T
Burt,160,C
Burt,160,C
Burt,161,A
Burt,161,C
Burt,162,C
Burt,162,A
Burt,163,C
Burt,163,C
Burt,164,C
Burt,164,C
Burt,165,C
Burt,165,C
Burt,166,C
Burt,166,A
Burt,167,C
Burt,167,C
Burt,168,G
Burt,168,G
Burt,169,G
Burt,169,C
Burt,170,C
Burt,170,C
Burt,171,T
Burt,171,C
Burt,172,G
Burt,172,C
Burt,173,T
Burt,173,C
Burt,174,C
Burt,174,C
Burt,175,C
Burt,175,A
Burt,176,A
Burt,176,C
Burt,177,C
Burt,177,A
Burt,178,C
Burt,178,C
Burt,179,A
Burt,179,T
Burt,180,C
Burt,180,T
Burt,181,C
Burt,181,C
Burt,182,C
Burt,182,A
Burt,183,C
Burt,183,C
Burt,184,C
Burt,184,C
Burt,185,C
Burt,185,C
Burt,186,C
Burt,186,C
Burt,187,C
Burt,187,C
Burt,188,C
Burt,188,C
Burt,189,T
Burt,189,C
Burt,190,C
Burt,190,C
Burt,191,G
Burt,191,C
Burt,192,C
Burt,192,C
Burt,193,A
Burt,193,C
Burt,194,G
Burt,194,C
Burt,195,C
Burt,195,C
Burt,196,C
Burt,196,A
Burt,197,C
Burt,197,C
Burt,198,C
Burt,198,C
Burt,199,G
Burt,199,C
Burt,200,A
Burt,200,C
Burt,201,A
Burt,201,A
Burt,202,T
Burt,202,C
Burt,203,C
Burt,203,C
Burt,204,C
Burt,204,C
Burt,205,C
Burt,205,T
Burt,206,C
Burt,206,C
Burt,207,G
Burt,207,C
Burt,208,C
Burt,208,C
Burt,209,C
Burt,209,T
Burt,210,C
Burt,210,A
Burt,211,G
Burt,211,C
Burt,212,T
Burt,212,A
Burt,213,C
Burt,213,C
Burt,214,A
Burt,214,C
Burt,215,A
Burt,215,C
Burt,216,G
Burt,216,A
Burt,217,C
Burt,217,C
Burt,218,A
Burt,218,A
Burt,219,C
Burt,219,A
Burt,220,C
Burt,220,C
Burt,221,C
Burt,221,T
Burt,222,C
Burt,222,T
Burt,223,C
Burt,223,C
Burt,224,C
Burt,224,A
Burt,225,G
Burt,225,C
Burt,226,T
Burt,226,C
Burt,227,C
Burt,227,C
Burt,228,C
Burt,228,C
Burt,229,T
Burt,229,T
Burt,230,A
Burt,230,A
Burt,231,C
Burt,231,C
Burt,232,A
Burt,232,C
Burt,233,C
Burt,233,A
Burt,234,C
Burt,234,C
Burt,235,C
Burt,235,G
Burt,236,T
Burt,236,C
Burt,237,C
Burt,237,C
Burt,238,C
Burt,238,C
Burt,239,C
Burt,239,C
Burt,240,C
Burt,240,C
Burt,241,C
Burt,241,C
Burt,242,C
Burt,242,C
Burt,243,C
Burt,243,C
Burt,244,G
Burt,244,C
Burt,245,C
Burt,245,C
Burt,246,C
Burt,246,C
Burt,247,C
Burt,247,C
Burt,248,G
Burt,248,G
Burt,249,C
Burt,249,C
Burt,250,C
Burt,250,G
Burt,251,C
Burt,251,G
Burt,252,C
Burt,252,C
Burt,253,C
Burt,253,C
Burt,254,C
Burt,254,C
Burt,255,C
Burt,255,C
Burt,256,C
Burt,256,G
Burt,257,C
Burt,257,C
Burt,258,A
Burt,258,C
Burt,259,T
Burt,259,T
Burt,260,C
Burt,260,T
Burt,261,A
Burt,261,C
Burt,262,C
Burt,262,C
Burt,263,C
Burt,263,C
Burt,264,G
Burt,264,C
Burt,265,C
Burt,265,G
Burt,266,T
Burt,266,G
Burt,267,A
Burt,267,C
Burt,268,A
Burt,268,C
Burt,269,C
Burt,269,A
Burt,270,C
Burt,270,T
Burt,271,A
Burt,271,C
Burt,272,C
Burt,272,A
Burt,273,C
Burt,273,A
Burt,274,C
Burt,274,C
Burt,275,C
Burt,275,C
Burt,276,C
Burt,276,G
Burt,277,C
Burt,277,C
Burt,278,A
Burt,278,A
Burt,279,C
Burt,279,C
Burt,280,C
Burt,280,C
Burt,281,C
Burt,281,C
Burt,282,C
Burt,282,C
Burt,283,C
Burt,283,A
Burt,284,C
Burt,284,C
Burt,285,C
Burt,285,C
Burt,286,C
Burt,286,G
Burt,287,G
Burt,287,A
Burt,288,G
Burt,288,G
Burt,289,A
Burt,289,T
Burt,290,C
Burt,290,A
Burt,291,T
Burt,291,A
Burt,292,G
Burt,292,C
Burt,293,C
Burt,293,C
Burt,294,C
Burt,294,C
Burt,295,C
Burt,295,A
Burt,296,A
Burt,296,T
Burt,297,A
Burt,297,C
Burt,298,C
Burt,298,C
Burt,299,C
Burt,299,A
Burt,300,C
Burt,300,A
Burt,301,C
Burt,301,T
Burt,302,C
Burt,302,C
Burt,303,A
Burt,303,G
Burt,304,C
Burt,304,A
Burt,305,C
Burt,305,C
Burt,306,G
Burt,306,C
Burt,307,C
Burt,307,G
Burt,308,C
Burt,308,C
Burt,309,C
Burt,309,A
Burt,310,C
Burt,310,A
Burt,311,C
Burt,311,G
Burt,312,T
Burt,312,C
Burt,313,C
Burt,313,C
Burt,314,C
Burt,314,C
Burt,315,A
Burt,315,C
Burt,316,C
Burt,316,C
Burt,317,C
Burt,317,C
Burt,318,C
Burt,318,A
Burt,319,A
Burt,319,T
Burt,320,A
Burt,320,G
Burt,321,G
Burt,321,C
Burt,322,C
Burt,322,C
Burt,323,T
Burt,323,T
Burt,324,A
Burt,324,C
Burt,325,C
Burt,325,A
Burt,326,C
Burt,326,C
Burt,327,C
Burt,327,G
Burt,328,C
Burt,328,A
Burt,329,C
Burt,329,A
Burt,330,C
Burt,330,A
Burt,331,C
Burt,331,C
Burt,332,C
Burt,332,C
Burt,333,A
Burt,333,C
Burt,334,C
Burt,334,C
Burt,335,C
Burt,335,C
Burt,336,T
Burt,336,C
Burt,337,C
Burt,337,C
Burt,338,C
Burt,338,C
Burt,339,C
Burt,339,C
Burt,340,C
Burt,340,C
Burt,341,C
Burt,341,C
Burt,342,C
Burt,342,C
Burt,343,A
Burt,343,C
Burt,344,C
Burt,344,C
Burt,345,C
Burt,345,G
Burt,346,C
Burt,346,C
Burt,347,C
Burt,347,C
Burt,348,C
Burt,348,C
Burt,349,C
Burt,349,G
Burt,350,G
Burt,350,C
Burt,351,A
Burt,351,C
Burt,352,T
Burt,352,C
Burt,353,C
Burt,353,C
Burt,354,C
Burt,354,C
Burt,355,C
Burt,355,C
Burt,356,C
Burt,356,A
Burt,357,A
Burt,357,C
Burt,358,C
Burt,358,C
Burt,359,C
Burt,359,C
Burt,360,C
Burt,360,C
Burt,361,C
Burt,361,G
Burt,362,C
Burt,362,C
Burt,363,A
Burt,363,G
Burt,364,C
Burt,364,C
Burt,365,G
Burt,365,C
Burt,366,A
Burt,366,G
Burt,367,G
Burt,367,C
Burt,368,A
Burt,368,C
Burt,369,C
Burt,369,C
Burt,370,C
Burt,370,C
Burt,371,C
Burt,371,T
Burt,372,G
Burt,372,C
Burt,373,C
Burt,373,G
Burt,374,A
Burt,374,A
Burt,375,G
Burt,375,C
Burt,376,C
Burt,376,T
Burt,377,C
Burt,377,C
Burt,378,C
Burt,378,T
Burt,379,C
Burt,379,A
Burt,380,C
Burt,380,T
Burt,381,C
Burt,381,C
Burt,382,A
Burt,382,A
Burt,383,G
Burt,383,A
Burt,384,A
Burt,384,G
Burt,385,C
Burt,385,T
Burt,386,A
Burt,386,C
Burt,387,A
Burt,387,A
Burt,388,C
Burt,388,G
Burt,389,C
Burt,389,C
Burt,390,T
Burt,390,A
Burt,391,A
Burt,391,A
Burt,392,A
Burt,392,G
Burt,393,T
Burt,393,C
Burt,394,A
Burt,394,C
Burt,395,A
Burt,395,C
Burt,396,A
Burt,396,T
Burt,397,A
Burt,397,T
Burt,398,C
Burt,398,C
Burt,399,T
Burt,399,C
Burt,400,A
Burt,400,G
Burt,401,C
Burt,401,C
Burt,402,C
Burt,402,C
Burt,403,C
Burt,403,C
Burt,404,C
Burt,404,G
Burt,405,C
Burt,405,T
Burt,406,C
Burt,406,A
Burt,407,G
Burt,407,T
Burt,408,C
Burt,408,C
Burt,409,G
Burt,409,C
Burt,410,T
Burt,410,C
Burt,411,C
Burt,411,C
Burt,412,C
Burt,412,C
Burt,413,C
Burt,413,T
Burt,414,C
Burt,414,C
Burt,415,C
Burt,415,A
Burt,416,G
Burt,416,C
Burt,417,A
Burt,417,C
Burt,418,T
Burt,418,A
Burt,419,A
Burt,419,C
Burt,420,C
Burt,420,C
Burt,421,T
Burt,421,T
Burt,422,C
Burt,422,A
Burt,423,C
Burt,423,C
Burt,424,C
Burt,424,G
Burt,425,C
Burt,425,C
Burt,426,C
Burt,426,C
Burt,427,G
Burt,427,C
Burt,428,A
Burt,428,C
Burt,429,T
Burt,429,A
Burt,430,C
Burt,430,A
Burt,431,C
Burt,431,A
Burt,432,C
Burt,432,T
Burt,433,G
Burt,433,C
Burt,434,C
Burt,434,C
Burt,435,A
Burt,435,C
Burt,436,C
Burt,436,A
Burt,437,C
Burt,437,G
Burt,438,C
Burt,438,C
Burt,439,C
Burt,439,C
Burt,440,C
Burt,440,C
Burt,441,T
Burt,441,A
Burt,442,C
Burt,442,C
Burt,443,A
Burt,443,T
Burt,444,C
Burt,444,C
Burt,445,C
Burt,445,C
Burt,446,C
Burt,446,C
Burt,447,C
Burt,447,G
Burt,448,C
Burt,448,C
Burt,449,C
Burt,449,C
Burt,450,A
Burt,450,C
Burt,451,C
Burt,451,A
Burt,452,C
Burt,452,C
Burt,453,T
Burt,453,C
Burt,454,C
Burt,454,C
Burt,455,G
Burt,455,C
Burt,456,C
Burt,456,T
Burt,457,A
Burt,457,A
Burt,458,C
Burt,458,T
Burt,459,A
Burt,459,A
Burt,460,C
Burt,460,C
Burt,461,C
Burt,461,C
Burt,462,A
Burt,462,C
Burt,463,C
Burt,463,C
Burt,464,C
Burt,464,A
Burt,465,C
Burt,465,C
Burt,466,C
Burt,466,C
Burt,467,G
Burt,467,C
Burt,468,C
Burt,468,C
Burt,469,C
Burt,469,C
Burt,470,C
Burt,470,A
Burt,471,C
Burt,471,C
Burt,472,C
Burt,472,C
Burt,473,C
Burt,473,T
Burt,474,C
Burt,474,C
Burt,475,A
Burt,475,A
Burt,476,G
Burt,476,C
Burt,477,C
Burt,477,C
Burt,478,C
Burt,478,C
Burt,479,A
Burt,479,C
Burt,480,A
Burt,480,C
Burt,481,T
Burt,481,C
Burt,482,A
Burt,482,C
Burt,483,A
Burt,483,C
Burt,484,C
Burt,484,A
Burt,485,G
Burt,485,C
Burt,486,G
Burt,486,C
Burt,487,C
Burt,487,C
Burt,488,C
Burt,488,A
Burt,489,A
Burt,489,T
Burt,490,C
Burt,490,A
Burt,491,C
Burt,491,C
Burt,492,C
Burt,492,A
Burt,493,C
Burt,493,G
Burt,494,C
Burt,494,C
Burt,495,C
Burt,495,C
Burt,496,C
Burt,496,T
Burt,497,C
Burt,497,C
Burt,498,G
Burt,498,C
Burt,499,A
Burt,499,C
Burt,500,A
Burt,500,C
Michigan,1,A
Michigan,1,G
Michigan,2,T
Michigan,2,T
Michigan,3,A
Michigan,3,A
Michigan,4,A
Michigan,4,A
Michigan,5,A
Michigan,5,T
Michigan,6,G
Michigan,6,A
Michigan,7,C
Michigan,7,G
Michigan,8,C
Michigan,8,A
Michigan,9,A
Michigan,9,C
Michigan,10,A
Michigan,10,A
Michigan,11,T
Michigan,11,A
Michigan,12,A
Michigan,12,A
Michigan,13,A
Michigan,13,T
Michigan,14,T
Michigan,14,A
Michigan,15,A
Michigan,15,G
Michigan,16,A
Michigan,16,T
Michigan,17,T
Michigan,17,A
Michigan,18,A
Michigan,18,T
Michigan,19,A
Michigan,19,A
Michigan,20,A
Michigan,20,T
Michigan,21,A
Michigan,21,A
Michigan,22,A
Michigan,22,T
Michigan,23,A
Michigan,23,A
Michigan,24,A
Michigan,24,A
Michigan,25,G
Michigan,25,A
Michigan,26,A
Michigan,26,T
Michigan,27,A
Michigan,27,A
Michigan,28,A
Michigan,28,G
Michigan,29,A
Michigan,29,A
Michigan,30,G
Michigan,30,T
Michigan,31,A
Michigan,31,A
Michigan,32,G
Michigan,32,G
Michigan,33,A
Michigan,33,A
Michigan,34,A
Michigan,34,A
Michigan,35,A
Michigan,35,G
Michigan,36,T
Michigan,36,G
Michigan,37,A
Michigan,37,A
Michigan,38,T
Michigan,38,A
Michigan,39,A
Michigan,39,A
Michigan,40,T
Michigan,40,A
Michigan,41,A
Michigan,41,T
Michigan,42,A
Michigan,42,A
Michigan,43,A
Michigan,43,A
Michigan,44,A
Michigan,44,T
Michigan,45,A
Michigan,45,T
Michigan,46,G
Michigan,46,T
Michigan,47,A
Michigan,47,T
Michigan,48,A
Michigan,48,C
Michigan,49,A
Michigan,49,A
Michigan,50,A
Michigan,50,A
Michigan,51,A
Michigan,51,T
Michigan,52,T
Michigan,52,A
Michigan,53,A
Michigan,53,A
Michigan,54,A
Michigan,54,T
Michigan,55,A
Michigan,55,G
Michigan,56,G
Michigan,56,T
Michigan,57,A
Michigan,57,A
Michigan,58,C
Michigan,58,A
Michigan,59,A
Michigan,59,A
Michigan,60,C
Michigan,60,C
Michigan,61,A
Michigan,61,C
Michigan,62,A
Michigan,62,A
Michigan,63,T
Michigan,63,G
Michigan,64,T
Michigan,64,G
Michigan,65,A
Michigan,65,G
Michigan,66,C
Michigan,66,A
Michigan,67,A
Michigan,67,A
Michigan,68,A
Michigan,68,A
Michigan,69,A
Michigan,69,C
Michigan,70,A
Michigan,70,T
Michigan,71,T
Michigan,71,A
Michigan,72,A
Michigan,72,A
Michigan,73,A
Michigan,73,T
Michigan,74,C
Michigan,74,C
Michigan,75,T
Michigan,75,A
Michigan,76,T
Michigan,76,A
Michigan,77,G
Michigan,77,A
Michigan,78,A
Michigan,78,A
Michigan,79,A
Michigan,79,A
Michigan,80,A
Michigan,80,G
Michigan,81,T
Michigan,81,C
Michigan,82,C
Michigan,82,A
Michigan,83,C
Michigan,83,A
Michigan,84,G
Michigan,84,A
Michigan,85,A
Michigan,85,A
Michigan,86,T
Michigan,86,A
Michigan,87,A
Michigan,87,T
Michigan,88,T
Michigan,88,T
Michigan,89,A
Michigan,89,A
Michigan,90,A
Michigan,90,G
Michigan,91,C
Michigan,91,A
Michigan,92,A
Michigan,92,A
Michigan,93,A
Michigan,93,A
Michigan,94,A
Michigan,94,A
Michigan,95,C
Michigan,95,A
Michigan,96,A
Michigan,96,A
Michigan,97,G
Michigan,97,G
Michigan,98,A
Michigan,98,A
Michigan,99,T
Michigan,99,A
Michigan,100,C
Michigan,100,C
Michigan,101,A
Michigan,101,T
Michigan,102,T
Michigan,102,T
Michigan,103,A
Michigan,103,A
Michigan,104,T
Michigan,104,T
Michigan,105,T
Michigan,105,G
Michigan,106,A
Michigan,106,G
Michigan,107,C
Michigan,107,A
Michigan,108,A
Michigan,108,A
Michigan,109,A
Michigan,109,A
Michigan,110,A
Michigan,110,A
Michigan,111,A
Michigan,111,T
Michigan,112,A
Michigan,112,A
Michigan,113,A
Michigan,113,T
Michigan,114,T
Michigan,114,A
Michigan,115,A
Michigan,115,G
Michigan,116,A
Michigan,116,G
Michigan,117,A
Michigan,117,C
Michigan,118,A
Michigan,118,C
Michigan,119,A
Michigan,119,A
Michigan,120,C
Michigan,120,G
Michigan,121,A
Michigan,121,G
Michigan,122,A
Michigan,122,T
Michigan,123,A
Michigan,123,T
Michigan,124,A
Michigan,124,A
Michigan,125,A
Michigan,125,T
Michigan,126,A
Michigan,126,A
Michigan,127,T
Michigan,127,G
Michigan,128,A
Michigan,128,A
Michigan,129,T
Michigan,129,A
Michigan,130,A
Michigan,130,G
Michigan,131,A
Michigan,131,A
Michigan,132,T
Michigan,132,C
Michigan,133,A
Michigan,133,G
Michigan,134,A
Michigan,134,A
Michigan,135,C
Michigan,135,A
Michigan,136,T
Michigan,136,C
Michigan,137,A
Michigan,137,G
Michigan,138,G
Michigan,138,A
Michigan,139,A
Michigan,139,A
Michigan,140,A
Michigan,140,A
Michigan,141,A
Michigan,141,T
Michigan,142,C
Michigan,142,A
Michigan,143,G
Michigan,143,G
Michigan,144,A
Michigan,144,T
Michigan,145,A
Michigan,145,A
Michigan,146,A
Michigan,146,T
Michigan,147,T
Michigan,147,T
Michigan,148,A
Michigan,148,T
Michigan,149,A
Michigan,149,A
Michigan,150,A
Michigan,150,G
Michigan,151,A
Michigan,151,T
Michigan,152,A
Michigan,152,T
Michigan,153,A
Michigan,153,T
Michigan,154,T
Michigan,154,G
Michigan,155,A
Michigan,155,G
Michigan,156,A
Michigan,156,A
Michigan,157,T
Michigan,157,A
Michigan,158,C
Michigan,158,C
Michigan,159,A
Michigan,159,G
Michigan,160,G
Michigan,160,A
Michigan,161,A
Michigan,161,G
Michigan,162,T
Michigan,162,T
Michigan,163,A
Michigan,163,A
Michigan,164,A
Michigan,164,G
Michigan,165,T
Michigan,165,T
Michigan,166,A
Michigan,166,A
Michigan,167,A
Michigan,167,T
Michigan,168,A
Michigan,168,A
Michigan,169,A
Michigan,169,C
Michigan,170,A
Michigan,170,T
Michigan,171,A
Michigan,171,A
Michigan,172,A
Michigan,172,T
Michigan,173,T
Michigan,173,T
Michigan,174,A
Michigan,174,A
Michigan,175,T
Michigan,175,T
Michigan,176,A
Michigan,176,A
Michigan,177,A
Michigan,177,T
Michigan,178,T
Michigan,178,T
Michigan,179,T
Michigan,179,A
Michigan,180,A
Michigan,180,G
Michigan,181,C
Michigan,181,G
Michigan,182,A
Michigan,182,T
Michigan,183,A
Michigan,183,A
Michigan,184,A
Michigan,184,A
Michigan,185,G
Michigan,185,T
Michigan,186,C
Michigan,186,A
Michigan,187,A
Michigan,187,A
Michigan,188,A
Michigan,188,T
Michigan,189,T
Michigan,189,G
Michigan,190,A
Michigan,190,A
Michigan,191,A
Michigan,191,T
Michigan,192,A
Michigan,192,A
Michigan,193,T
Michigan,193,T
Michigan,194,A
Michigan,194,C
Michigan,195,A
Michigan,195,C
Michigan,196,T
Michigan,196,A
Michigan,197,A
Michigan,197,A
Michigan,198,C
Michigan,198,A
Michigan,199,A
Michigan,199,A
Michigan,200,A
Michigan,200,T
Michigan,201,A
Michigan,201,A
Michigan,202,A
Michigan,202,A
Michigan,203,T
Michigan,203,T
Michigan,204,T
Michigan,204,A
Michigan,205,A
Michigan,205,C
Michigan,206,T
Michigan,206,A
Michigan,207,A
Michigan,207,T
Michigan,208,G
Michigan,208,A
Michigan,209,A
Michigan,209,G
Michigan,210,A
Michigan,210,C
Michigan,211,T
Michigan,211,G
Michigan,212,A
Michigan,212,A
Michigan,213,A
Michigan,213,A
Michigan,214,T
Michigan,214,T
Michigan,215,T
Michigan,215,C
Michigan,216,C
Michigan,216,A
Michigan,217,A
Michigan,217,A
Michigan,218,A
Michigan,218,A
Michigan,219,A
Michigan,219,C
Michigan,220,T
Michigan,220,T
Michigan,221,A
Michigan,221,T
Michigan,222,A
Michigan,222,G
Michigan,223,A
Michigan,223,A
Michigan,224,A
Michigan,224,T
Michigan,225,G
Michigan,225,T
Michigan,226,A
Michigan,226,A
Michigan,227,G
Michigan,227,A
Michigan,228,A
Michigan,228,A
Michigan,229,C
Michigan,229,A
Michigan,230,G
Michigan,230,A
Michigan,231,A
Michigan,231,A
Michigan,232,A
Michigan,232,A
Michigan,233,T
Michigan,233,T
Michigan,234,C
Michigan,234,G
Michigan,235,A
Michigan,235,A
Michigan,236,G
Michigan,236,G
Michigan,237,T
Michigan,237,C
Michigan,238,A
Michigan,238,A
Michigan,239,A
Michigan,239,C
Michigan,240,C
Michigan,240,A
Michigan,241,C
Michigan,241,A
Michigan,242,A
Michigan,242,A
Michigan,243,A
Michigan,243,C
Michigan,244,G
Michigan,244,A
Michigan,245,A
Michigan,245,T
Michigan,246,T
Michigan,246,T
Michigan,247,A
Michigan,247,G
Michigan,248,T
Michigan,248,A
Michigan,249,T
Michigan,249,A
Michigan,250,C
Michigan,250,A
Michigan,251,A
Michigan,251,C
Michigan,252,A
Michigan,252,C
Michigan,253,T
Michigan,253,T
Michigan,254,G
Michigan,254,A
Michigan,255,A
Michigan,255,A
Michigan,256,T
Michigan,256,A
Michigan,257,C
Michigan,257,A
Michigan,258,A
Michigan,258,A
Michigan,259,C
Michigan,259,C
Michigan,260,A
Michigan,260,A
Michigan,261,A
Michigan,261,A
Michigan,262,A
Michigan,262,C
Michigan,263,T
Michigan,263,A
Michigan,264,T
Michigan,264,G
Michigan,265,A
Michigan,265,T
Michigan,266,T
Michigan,266,A
Michigan,267,A
Michigan,267,A
Michigan,268,C
Michigan,268,A
Michigan,269,G
Michigan,269,G
Michigan,270,A
Michigan,270,A
Michigan,271,A
Michigan,271,A
Michigan,272,C
Michigan,272,T
Michigan,273,A
Michigan,273,A
Michigan,274,A
Michigan,274,A
Michigan,275,A
Michigan,275,A
Michigan,276,T
Michigan,276,G
Michigan,277,C
Michigan,277,C
Michigan,278,T
Michigan,278,T
Michigan,279,T
Michigan,279,A
Michigan,280,T
Michigan,280,T
Michigan,281,A
Michigan,281,T
Michigan,282,A
Michigan,282,C
Michigan,283,C
Michigan,283,A
Michigan,284,A
Michigan,284,A
Michigan,285,C
Michigan,285,T
Michigan,286,T
Michigan,286,G
Michigan,287,T
Michigan,287,T
Michigan,288,A
Michigan,288,A
Michigan,289,A
Michigan,289,A
Michigan,290,A
Michigan,290,A
Michigan,291,T
Michigan,291,A
Michigan,292,T
Michigan,292,A
Michigan,293,A
Michigan,293,T
Michigan,294,A
Michigan,294,A
Michigan,295,A
Michigan,295,A
Michigan,296,A
Michigan,296,T
Michigan,297,G
Michigan,297,T
Michigan,298,T
Michigan,298,A
Michigan,299,C
Michigan,299,A
Michigan,300,C
Michigan,300,A
Michigan,301,C
Michigan,301,A
Michigan,302,A
Michigan,302,G
Michigan,303,A
Michigan,303,T
Michigan,304,A
Michigan,304,A
Michigan,305,T
Michigan,305,T
Michigan,306,T
Michigan,306,T
Michigan,307,T
Michigan,307,A
Michigan,308,T
Michigan,308,A
Michigan,309,A
Michigan,309,A
Michigan,310,A
Michigan,310,T
Michigan,311,A
Michigan,311,A
Michigan,312,G
Michigan,312,A
Michigan,313,A
Michigan,313,T
Michigan,314,T
Michigan,314,T
Michigan,315,A
Michigan,315,A
Michigan,316,A
Michigan,316,A
Michigan,317,A
Michigan,317,T
Michigan,318,A
Michigan,318,A
Michigan,319,A
Michigan,319,A
Michigan,320,A
Michigan,320,A
Michigan,321,G
Michigan,321,A
Michigan,322,A
Michigan,322,G
Michigan,323,A
Michigan,323,A
Michigan,324,A
Michigan,324,A
Michigan,325,G
Michigan,325,A
Michigan,326,A
Michigan,326,G
Michigan,327,A
Michigan,327,A
Michigan,328,A
Michigan,328,A
Michigan,329,A
Michigan,329,C
Michigan,330,T
Michigan,330,T
Michigan,331,A
Michigan,331,G
Michigan,332,A
Michigan,332,C
Michigan,333,A
Michigan,333,G
Michigan,334,A
Michigan,334,A
Michigan,335,A
Michigan,335,A
Michigan,336,G
Michigan,336,G
Michigan,337,A
Michigan,337,G
Michigan,338,G
Michigan,338,A
Michigan,339,A
Michigan,339,A
Michigan,340,A
Michigan,340,A
Michigan,341,A
Michigan,341,T
Michigan,342,T
Michigan,342,A
Michigan,343,T
Michigan,343,G
Michigan,344,T
Michigan,344,A
Michigan,345,A
Michigan,345,A
Michigan,346,A
Michigan,346,A
Michigan,347,A
Michigan,347,G
Michigan,348,A
Michigan,348,G
Michigan,349,A
Michigan,349,A
Michigan,350,A
Michigan,350,A
Michigan,351,C
Michigan,351,A
Michigan,352,A
Michigan,352,A
Michigan,353,A
Michigan,353,A
Michigan,354,A
Michigan,354,A
Michigan,355,A
Michigan,355,A
Michigan,356,A
Michigan,356,T
Michigan,357,G
Michigan,357,A
Michigan,358,A
Michigan,358,T
Michigan,359,T
Michigan,359,A
Michigan,360,A
Michigan,360,G
Michigan,361,A
Michigan,361,G
Michigan,362,A
Michigan,362,G
Michigan,363,A
Michigan,363,A
Michigan,364,T
Michigan,364,A
Michigan,365,T
Michigan,365,G
Michigan,366,A
Michigan,366,C
Michigan,367,C
Michigan,367,A
Michigan,368,G
Michigan,368,A
Michigan,369,A
Michigan,369,C
Michigan,370,A
Michigan,370,A
Michigan,371,A
Michigan,371,A
Michigan,372,T
Michigan,372,A
Michigan,373,T
Michigan,373,T
Michigan,374,A
Michigan,374,G
Michigan,375,G
Michigan,375,T
Michigan,376,A
Michigan,376,A
Michigan,377,A
Michigan,377,T
Michigan,378,T
Michigan,378,A
Michigan,379,T
Michigan,379,C
Michigan,380,T
Michigan,380,A
Michigan,381,C
Michigan,381,A
Michigan,382,C
Michigan,382,A
Michigan,383,A
Michigan,383,A
Michigan,384,C
Michigan,384,C
Michigan,385,G
Michigan,385,A
Michigan,386,A
Michigan,386,A
Michigan,387,A
Michigan,387,A
Michigan,388,A
Michigan,388,T
Michigan,389,A
Michigan,389,A
Michigan,390,A
Michigan,390,T
Michigan,391,A
Michigan,391,A
Michigan,392,A
Michigan,392,G
Michigan,393,A
Michigan,393,A
Michigan,394,A
Michigan,394,A
Michigan,395,A
Michigan,395,A
Michigan,396,G
Michigan,396,C
Michigan,397,A
Michigan,397,A
Michigan,398,A
Michigan,398,A
Michigan,399,C
Michigan,399,G
Michigan,400,A
Michigan,400,A
Michigan,401,A
Michigan,401,A
Michigan,402,A
Michigan,402,A
Michigan,403,G
Michigan,403,A
Michigan,404,A
Michigan,404,T
Michigan,405,A
Michigan,405,T
Michigan,406,A
Michigan,406,T
Michigan,407,A
Michigan,407,G
Michigan,408,A
Michigan,408,A
Michigan,409,A
Michigan,409,A
Michigan,410,A
Michigan,410,T
Michigan,411,A
Michigan,411,A
Michigan,412,G
Michigan,412,A
Michigan,413,A
Michigan,413,T
Michigan,414,G
Michigan,414,A
Michigan,415,A
Michigan,415,A
Michigan,416,A
Michigan,416,A
Michigan,417,A
Michigan,417,A
Michigan,418,A
Michigan,418,A
Michigan,419,A
Michigan,419,A
Michigan,420,T
Michigan,420,T
Michigan,421,A
Michigan,421,A
Michigan,422,A
Michigan,422,A
Michigan,423,A
Michigan,423,A
Michigan,424,A
Michigan,424,G
Michigan,425,C
Michigan,425,A
Michigan,426,T
Michigan,426,A
Michigan,427,C
Michigan,427,A
Michigan,428,A
Michigan,428,A
Michigan,429,T
Michigan,429,A
Michigan,430,C
Michigan,430,A
Michigan,431,T
Michigan,431,A
Michigan,432,A
Michigan,432,A
Michigan,433,C
Michigan,433,A
Michigan,434,G
Michigan,434,A
Michigan,435,C
Michigan,435,A
Michigan,436,A
Michigan,436,A
Michigan,437,A
Michigan,437,A
Michigan,438,G
Michigan,438,C
Michigan,439,T
Michigan,439,G
Michigan,440,A
Michigan,440,T
Michigan,441,T
Michigan,441,A
Michigan,442,A
Michigan,442,C
Michigan,443,A
Michigan,443,T
Michigan,444,A
Michigan,444,A
Michigan,445,A
Michigan,445,A
Michigan,446,A
Michigan,446,A
Michigan,447,A
Michigan,447,C
Michigan,448,A
Michigan,448,A
Michigan,449,A
Michigan,449,C
Michigan,450,G
Michigan,450,A
Michigan,451,A
Michigan,451,A
Michigan,452,T
Michigan,452,T
Michigan,453,A
Michigan,453,A
Michigan,454,C
Michigan,454,A
Michigan,455,A
Michigan,455,G
Michigan,456,A
Michigan,456,T
Michigan,457,A
Michigan,457,T
Michigan,458,C
Michigan,458,G
Michigan,459,G
Michigan,459,T
Michigan,460,A
Michigan,460,A
Michigan,461,C
Michigan,461,T
Michigan,462,T
Michigan,462,A
Michigan,463,A
Michigan,463,A
Michigan,464,T
Michigan,464,A
Michigan,465,T
Michigan,465,G
Michigan,466,T
Michigan,466,A
Michigan,467,A
Michigan,467,A
Michigan,468,A
Michigan,468,C
Michigan,469,A
Michigan,469,A
Michigan,470,A
Michigan,470,T
Michigan,471,A
Michigan,471,A
Michigan,472,A
Michigan,472,T
Michigan,473,A
Michigan,473,A
Michigan,474,G
Michigan,474,C
Michigan,475,A
Michigan,475,C
Michigan,476,C
Michigan,476,A
Michigan,477,G
Michigan,477,A
Michigan,478,A
Michigan,478,A
Michigan,479,G
Michigan,479,A
Michigan,480,T
Michigan,480,C
Michigan,481,A
Michigan,481,A
Michigan,482,A
Michigan,482,A
Michigan,483,A
Michigan,483,A
Michigan,484,T
Michigan,484,G
Michigan,485,A
Michigan,485,T
Michigan,486,A
Michigan,486,A
Michigan,487,A
Michigan,487,A
Michigan,488,A
Michigan,488,T
Michigan,489,A
Michigan,489,T
Michigan,490,G
Michigan,490,G
Michigan,491,C
Michigan,491,A
Michigan,492,T
Michigan,492,A
Michigan,493,A
Michigan,493,A
Michigan,494,T
Michigan,494,A
Michigan,495,C
Michigan,495,A
Michigan,496,G
Michigan,496,A
Michigan,497,C
Michigan,497,T
Michigan,498,A
Michigan,498,T
Michigan,499,C
Michigan,499,A
Michigan,500,A
Michigan,500,A
Gull,1,C
Gull,1,G
Gull,2,G
Gull,2,T
Gull,3,G
Gull,3,G
Gull,4,T
Gull,4,G
Gull,5,G
Gull,5,G
Gull,6,G
Gull,6,G
Gull,7,G
Gull,7,G
Gull,8,G
Gull,8,T
Gull,9,A
Gull,9,G
Gull,10,T
Gull,10,C
Gull,11,G
Gull,11,T
Gull,12,G
Gull,12,G
Gull,13,G
Gull,13,G
Gull,14,C
Gull,14,G
Gull,15,A
Gull,15,G
Gull,16,G
Gull,16,T
Gull,17,T
Gull,17,C
Gull,18,C
Gull,18,T
Gull,19,G
Gull,19,G
Gull,20,G
Gull,20,G
Gull,21,G
Gull,21,G
Gull,22,G
Gull,22,C
Gull,23,C
Gull,23,G
Gull,24,G
Gull,24,G
Gull,25,G
Gull,25,A
Gull,26,G
Gull,26,A
Gull,27,T
Gull,27,T
Gull,28,C
Gull,28,T
Gull,29,G
Gull,29,G
Gull,30,G
Gull,30,C
Gull,31,T
Gull,31,G
Gull,32,G
Gull,32,A
Gull,33,G
Gull,33,G
Gull,34,G
Gull,34,G
Gull,35,G
Gull,35,G
Gull,36,C
Gull,36,T
Gull,37,G
Gull,37,G
Gull,38,G
Gull,38,T
Gull,39,G
Gull,39,T
Gull,40,G
Gull,40,G
Gull,41,G
Gull,41,G
Gull,42,A
Gull,42,G
Gull,43,T
Gull,43,A
Gull,44,T
Gull,44,C
Gull,45,T
Gull,45,G
Gull,46,C
Gull,46,G
Gull,47,G
Gull,47,A
Gull,48,T
Gull,48,G
Gull,49,G
Gull,49,G
Gull,50,T
Gull,50,G
Gull,51,C
Gull,51,A
Gull,52,G
Gull,52,G
Gull,53,G
Gull,53,T
Gull,54,G
Gull,54,G
Gull,55,G
Gull,55,G
Gull,56,T
Gull,56,G
Gull,57,C
Gull,57,G
Gull,58,G
Gull,58,G
Gull,59,G
Gull,59,G
Gull,60,G
Gull,60,A
Gull,61,G
Gull,61,T
Gull,62,G
Gull,62,G
Gull,63,G
Gull,63,A
Gull,64,G
Gull,64,G
Gull,65,A
Gull,65,T
Gull,66,T
Gull,66,G
Gull,67,G
Gull,67,G
Gull,68,G
Gull,68,T
Gull,69,G
Gull,69,T
Gull,70,G
Gull,70,T
Gull,71,G
Gull,71,G
Gull,72,G
Gull,72,G
Gull,73,G
Gull,73,G
Gull,74,G
Gull,74,G
Gull,75,T
Gull,75,G
Gull,76,G
Gull,76,G
Gull,77,G
Gull,77,C
Gull,78,G
Gull,78,G
Gull,79,G
Gull,79,G
Gull,80,G
Gull,80,G
Gull,81,T
Gull,81,T
Gull,82,G
Gull,82,G
Gull,83,A
Gull,83,G
Gull,84,A
Gull,84,G
Gull,85,T
Gull,85,A
Gull,86,A
Gull,86,G
Gull,87,G
Gull,87,G
Gull,88,G
Gull,88,G
Gull,89,C
Gull,89,A
Gull,90,G
Gull,90,T
Gull,91,G
Gull,91,G
Gull,92,C
Gull,92,G
Gull,93,G
Gull,93,G
Gull,94,G
Gull,94,C
Gull,95,C
Gull,95,G
Gull,96,C
Gull,96,G
Gull,97,G
Gull,97,G
Gull,98,C
Gull,98,G
Gull,99,G
Gull,99,T
Gull,100,G
Gull,100,T
Gull,101,G
Gull,101,G
Gull,102,G
Gull,102,G
Gull,103,T
Gull,103,G
Gull,104,G
Gull,104,G
Gull,105,A
Gull,105,G
Gull,106,T
Gull,106,T
Gull,107,G
Gull,107,G
Gull,108,T
Gull,108,G
Gull,109,A
Gull,109,G
Gull,110,G
Gull,110,C
Gull,111,C
Gull,111,G
Gull,112,G
Gull,112,G
Gull,113,G
Gull,113,G
Gull,114,G
Gull,114,G
Gull,115,T
Gull,115,G
Gull,116,G
Gull,116,G
Gull,117,G
Gull,117,G
Gull,118,T
Gull,118,G
Gull,119,G
Gull,119,A
Gull,120,T
Gull,120,G
Gull,121,G
Gull,121,G
Gull,122,G
Gull,122,G
Gull,123,G
Gull,123,T
Gull,124,G
Gull,124,C
Gull,125,G
Gull,125,C
Gull,126,G
Gull,126,G
Gull,127,G
Gull,127,G
Gull,128,G
Gull,128,G
Gull,129,G
Gull,129,G
Gull,130,G
Gull,130,T
Gull,131,G
Gull,131,T
Gull,132,G
Gull,132,C
Gull,133,T
Gull,133,G
Gull,134,G
Gull,134,G
Gull,135,G
Gull,135,G
Gull,136,G
Gull,136,C
Gull,137,T
Gull,137,T
Gull,138,G
Gull,138,T
Gull,139,C
Gull,139,G
Gull,140,C
Gull,140,A
Gull,141,G
Gull,141,A
Gull,142,G
Gull,142,A
Gull,143,T
Gull,143,G
Gull,144,A
Gull,144,C
Gull,145,G
Gull,145,A
Gull,146,T
Gull,146,A
Gull,147,A
Gull,147,G
Gull,148,A
Gull,148,G
Gull,149,T
Gull,149,C
Gull,150,G
Gull,150,G
Gull,151,G
Gull,151,T
Gull,152,G
Gull,152,T
Gull,153,G
Gull,153,G
Gull,154,G
Gull,154,G
Gull,155,G
Gull,155,G
Gull,156,A
Gull,156,G
Gull,157,G
Gull,157,G
Gull,158,G
Gull,158,C
Gull,159,G
Gull,159,G
Gull,160,G
Gull,160,C
Gull,161,A
Gull,161,G
Gull,162,A
Gull,162,G
Gull,163,T
Gull,163,C
Gull,164,G
Gull,164,G
Gull,165,A
Gull,165,G
Gull,166,G
Gull,166,G
Gull,167,C
Gull,167,G
Gull,168,C
Gull,168,T
Gull,169,A
Gull,169,G
Gull,170,A
Gull,170,G
Gull,171,G
Gull,171,G
Gull,172,G
Gull,172,G
Gull,173,G
Gull,173,T
Gull,174,C
Gull,174,C
Gull,175,G
Gull,175,G
Gull,176,C
Gull,176,G
Gull,177,G
Gull,177,G
Gull,178,G
Gull,178,G
Gull,179,T
Gull,179,T
Gull,180,C
Gull,180,A
Gull,181,T
Gull,181,G
Gull,182,G
Gull,182,T
Gull,183,C
Gull,183,C
Gull,184,G
Gull,184,G
Gull,185,G
Gull,185,T
Gull,186,C
Gull,186,G
Gull,187,G
Gull,187,C
Gull,188,T
Gull,188,G
Gull,189,G
Gull,189,T
Gull,190,G
Gull,190,G
Gull,191,G
Gull,191,G
Gull,192,G
Gull,192,C
Gull,193,G
Gull,193,G
Gull,194,A
Gull,194,T
Gull,195,G
Gull,195,G
Gull,196,G
Gull,196,G
Gull,197,G
Gull,197,G
Gull,198,G
Gull,198,G
Gull,199,C
Gull,199,G
Gull,200,G
Gull,200,T
Gull,201,T
Gull,201,T
Gull,202,G
Gull,202,G
Gull,203,T
Gull,203,G
Gull,204,A
Gull,204,G
Gull,205,A
Gull,205,A
Gull,206,G
Gull,206,G
Gull,207,C
Gull,207,G
Gull,208,G
Gull,208,G
Gull,209,C
Gull,209,A
Gull,210,G
Gull,210,G
Gull,211,T
Gull,211,C
Gull,212,G
Gull,212,G
Gull,213,T
Gull,213,T
Gull,214,T
Gull,214,G
Gull,215,T
Gull,215,G
Gull,216,T
Gull,216,G
Gull,217,G
Gull,217,C
Gull,218,T
Gull,218,A
Gull,219,G
Gull,219,T
Gull,220,G
Gull,220,G
Gull,221,G
Gull,221,G
Gull,222,G
Gull,222,A
Gull,223,C
Gull,223,G
Gull,224,G
Gull,224,G
Gull,225,G
Gull,225,G
Gull,226,G
Gull,226,G
Gull,227,C
Gull,227,G
Gull,228,G
Gull,228,A
Gull,229,G
Gull,229,G
Gull,230,G
Gull,230,T
Gull,231,G
Gull,231,T
Gull,232,G
Gull,232,G
Gull,233,C
Gull,233,A
Gull,234,C
Gull,234,C
Gull,235,G
Gull,235,G
Gull,236,T
Gull,236,G
Gull,237,G
Gull,237,T
Gull,238,G
Gull,238,C
Gull,239,G
Gull,239,G
Gull,240,C
Gull,240,G
Gull,241,A
Gull,241,A
Gull,242,C
Gull,242,G
Gull,243,G
Gull,243,C
Gull,244,T
Gull,244,G
Gull,245,G
Gull,245,C
Gull,246,G
Gull,246,G
Gull,247,C
Gull,247,G
Gull,248,G
Gull,248,G
Gull,249,A
Gull,249,T
Gull,250,A
Gull,250,A
Gull,251,G
Gull,251,A
Gull,252,G
Gull,252,G
Gull,253,C
Gull,253,A
Gull,254,G
Gull,254,G
Gull,255,G
Gull,255,G
Gull,256,T
Gull,256,C
Gull,257,G
Gull,257,G
Gull,258,G
Gull,258,T
Gull,259,G
Gull,259,T
Gull,260,G
Gull,260,T
Gull,261,A
Gull,261,T
Gull,262,C
Gull,262,G
Gull,263,C
Gull,263,G
Gull,264,G
Gull,264,G
Gull,265,C
Gull,265,G
Gull,266,C
Gull,266,G
Gull,267,G
Gull,267,G
Gull,268,T
Gull,268,G
Gull,269,G
Gull,269,G
Gull,270,A
Gull,270,T
Gull,271,G
Gull,271,T
Gull,272,G
Gull,272,G
Gull,273,T
Gull,273,G
Gull,274,T
Gull,274,T
Gull,275,C
Gull,275,G
Gull,276,G
Gull,276,G
Gull,277,G
Gull,277,G
Gull,278,T
Gull,278,C
Gull,279,G
Gull,279,C
Gull,280,G
Gull,280,T
Gull,281,G
Gull,281,G
Gull,282,G
Gull,282,G
Gull,283,G
Gull,283,G
Gull,284,C
Gull,284,A
Gull,285,G
Gull,285,G
Gull,286,G
Gull,286,G
Gull,287,G
Gull,287,G
Gull,288,T
Gull,288,T
Gull,289,C
Gull,289,C
Gull,290,T
Gull,290,T
Gull,291,T
Gull,291,G
Gull,292,G
Gull,292,T
Gull,293,A
Gull,293,T
Gull,294,C
Gull,294,G
Gull,295,G
Gull,295,G
Gull,296,G
Gull,296,G
Gull,297,T
Gull,297,T
Gull,298,G
Gull,298,G
Gull,299,G
Gull,299,G
Gull,300,T
Gull,300,G
Gull,301,G
Gull,301,T
Gull,302,G
Gull,302,A
Gull,303,G
Gull,303,A
Gull,304,G
Gull,304,G
Gull,305,T
Gull,305,T
Gull,306,G
Gull,306,C
Gull,307,G
Gull,307,C
Gull,308,G
Gull,308,C
Gull,309,G
Gull,309,G
Gull,310,G
Gull,310,A
Gull,311,G
Gull,311,G
Gull,312,G
Gull,312,G
Gull,313,T
Gull,313,G
Gull,314,G
Gull,314,G
Gull,315,G
Gull,315,G
Gull,316,G
Gull,316,G
Gull,317,G
Gull,317,A
Gull,318,G
Gull,318,A
Gull,319,G
Gull,319,G
Gull,320,T
Gull,320,A
Gull,321,C
Gull,321,G
Gull,322,G
Gull,322,G
Gull,323,T
Gull,323,A
Gull,324,C
Gull,324,T
Gull,325,G
Gull,325,G
Gull,326,A
Gull,326,T
Gull,327,G
Gull,327,G
Gull,328,G
Gull,328,C
Gull,329,G
Gull,329,T
Gull,330,G
Gull,330,G
Gull,331,G
Gull,331,A
Gull,332,G
Gull,332,G
Gull,333,G
Gull,333,A
Gull,334,T
Gull,334,G
Gull,335,G
Gull,335,G
Gull,336,C
Gull,336,G
Gull,337,T
Gull,337,C
Gull,338,G
Gull,338,G
Gull,339,G
Gull,339,T
Gull,340,C
Gull,340,G
Gull,341,G
Gull,341,G
Gull,342,G
Gull,342,T
Gull,343,T
Gull,343,T
Gull,344,G
Gull,344,G
Gull,345,A
Gull,345,G
Gull,346,G
Gull,346,G
Gull,347,T
Gull,347,G
Gull,348,T
Gull,348,T
Gull,349,G
Gull,349,G
Gull,350,C
Gull,350,G
Gull,351,C
Gull,351,G
Gull,352,G
Gull,352,T
Gull,353,C
Gull,353,T
Gull,354,T
Gull,354,T
Gull,355,G
Gull,355,A
Gull,356,T
Gull,356,G
Gull,357,A
Gull,357,G
Gull,358,G
Gull,358,G
Gull,359,G
Gull,359,A
Gull,360,G
Gull,360,G
Gull,361,G
Gull,361,G
Gull,362,T
Gull,362,G
Gull,363,G
Gull,363,G
Gull,364,T
Gull,364,G
Gull,365,T
Gull,365,G
Gull,366,G
Gull,366,T
Gull,367,C
Gull,367,C
Gull,368,G
Gull,368,G
Gull,369,G
Gull,369,C
Gull,370,G
Gull,370,G
Gull,371,T
Gull,371,G
Gull,372,A
Gull,372,G
Gull,373,T
Gull,373,G
Gull,374,T
Gull,374,T
Gull,375,G
Gull,375,G
Gull,376,G
Gull,376,T
Gull,377,G
Gull,377,G
Gull,378,T
Gull,378,G
Gull,379,T
Gull,379,G
Gull,380,C
Gull,380,G
Gull,381,G
Gull,381,G
Gull,382,T
Gull,382,T
Gull,383,G
Gull,383,T
Gull,384,C
Gull,384,G
Gull,385,G
Gull,385,T
Gull,386,G
Gull,386,C
Gull,387,G
Gull,387,A
Gull,388,T
Gull,388,G
Gull,389,G
Gull,389,G
Gull,390,T
Gull,390,G
Gull,391,G
Gull,391,T
Gull,392,G
Gull,392,A
Gull,393,G
Gull,393,T
Gull,394,G
Gull,394,T
Gull,395,T
Gull,395,G
Gull,396,G
Gull,396,C
Gull,397,A
Gull,397,G
Gull,398,G
Gull,398,T
Gull,399,G
Gull,399,G
Gull,400,G
Gull,400,G
Gull,401,A
Gull,401,C
Gull,402,T
Gull,402,G
Gull,403,G
Gull,403,G
Gull,404,G
Gull,404,G
Gull,405,A
Gull,405,G
Gull,406,G
Gull,406,G
Gull,407,T
Gull,407,G
Gull,408,T
Gull,408,T
Gull,409,G
Gull,409,G
Gull,410,G
Gull,410,G
Gull,411,G
Gull,411,T
Gull,412,G
Gull,412,G
Gull,413,A
Gull,413,G
Gull,414,G
Gull,414,G
Gull,415,G
Gull,415,C
Gull,416,A
Gull,416,T
Gull,417,G
Gull,417,C
Gull,418,A
Gull,418,T
Gull,419,G
Gull,419,T
Gull,420,G
Gull,420,T
Gull,421,C
Gull,421,A
Gull,422,G
Gull,422,G
Gull,423,G
Gull,423,T
Gull,424,A
Gull,424,G
Gull,425,G
Gull,425,G
Gull,426,G
Gull,426,G
Gull,427,G
Gull,427,C
Gull,428,G
Gull,428,G
Gull,429,G
Gull,429,G
Gull,430,T
Gull,430,A
Gull,431,C
Gull,431,C
Gull,432,G
Gull,432,G
Gull,433,T
Gull,433,T
Gull,434,G
Gull,434,G
Gull,435,T
Gull,435,G
Gull,436,G
Gull,436,G
Gull,437,G
Gull,437,G
Gull,438,C
Gull,438,G
Gull,439,G
Gull,439,G
Gull,440,G
Gull,440,G
Gull,441,C
Gull,441,C
Gull,442,G
Gull,442,G
Gull,443,T
Gull,443,C
Gull,444,G
Gull,444,C
Gull,445,G
Gull,445,C
Gull,446,G
Gull,446,G
Gull,447,G
Gull,447,G
Gull,448,C
Gull,448,T
Gull,449,G
Gull,449,G
Gull,450,G
Gull,450,C
Gull,451,C
Gull,451,C
Gull,452,T
Gull,452,G
Gull,453,G
Gull,453,G
Gull,454,G
Gull,454,T
Gull,455,T
Gull,455,A
Gull,456,G
Gull,456,G
Gull,457,G
Gull,457,G
Gull,458,G
Gull,458,G
Gull,459,T
Gull,459,T
Gull,460,G
Gull,460,A
Gull,461,C
Gull,461,G
Gull,462,T
Gull,462,C
Gull,463,G
Gull,463,T
Gull,464,C
Gull,464,G
Gull,465,G
Gull,465,G
Gull,466,G
Gull,466,G
Gull,467,A
Gull,467,G
Gull,468,G
Gull,468,C
Gull,469,T
Gull,469,G
Gull,470,G
Gull,470,G
Gull,471,T
Gull,471,G
Gull,472,G
Gull,472,G
Gull,473,G
Gull,473,G
Gull,474,G
Gull,474,G
Gull,475,G
Gull,475,C
Gull,476,G
Gull,476,G
Gull,477,T
Gull,477,C
Gull,478,G
Gull,478,T
Gull,479,G
Gull,479,A
Gull,480,G
Gull,480,G
Gull,481,T
Gull,481,G
Gull,482,G
Gull,482,T
Gull,483,G
Gull,483,G
Gull,484,G
Gull,484,G
Gull,485,T
Gull,485,G
Gull,486,G
Gull,486,G
Gull,487,A
Gull,487,G
Gull,488,T
Gull,488,A
Gull,489,T
Gull,489,G
Gull,490,G
Gull,490,G
Gull,491,G
Gull,491,T
Gull,492,G
Gull,492,G
Gull,493,G
Gull,493,C
Gull,494,G
Gull,494,T
Gull,495,G
Gull,495,G
Gull,496,G
Gull,496,T
Gull,497,G
Gull,497,G
Gull,498,A
Gull,498,G
Gull,499,T
Gull,499,T
Gull,500,G
Gull,500,G
Huron,1,C
Huron,1,T
Huron,2,A
Huron,2,T
Huron,3,C
Huron,3,T
Huron,4,T
Huron,4,C
Huron,5,T
Huron,5,T
Huron,6,T
Huron,6,T
Huron,7,C
Huron,7,T
Huron,8,C
Huron,8,T
Huron,9,C
Huron,9,A
Huron,10,T
Huron,10,A
Huron,11,T
Huron,11,T
Huron,12,C
Huron,12,C
Huron,13,T
Huron,13,T
Huron,14,T
Huron,14,T
Huron,15,T
Huron,15,T
Huron,16,T
Huron,16,T
Huron,17,T
Huron,17,A
Huron,18,T
Huron,18,A
Huron,19,G
Huron,19,T
Huron,20,T
Huron,20,T
Huron,21,T
Huron,21,C
Huron,22,C
Huron,22,C
Huron,23,A
Huron,23,T
Huron,24,T
Huron,24,G
Huron,25,T
Huron,25,C
Huron,26,T
Huron,26,T
Huron,27,G
Huron,27,T
Huron,28,T
Huron,28,T
Huron,29,T
Huron,29,A
Huron,30,T
Huron,30,T
Huron,31,G
Huron,31,T
Huron,32,T
Huron,32,T
Huron,33,T
Huron,33,T
Huron,34,T
Huron,34,T
Huron,35,T
Huron,35,C
Huron,36,T
Huron,36,T
Huron,37,C
Huron,37,T
Huron,38,C
Huron,38,T
Huron,39,C
Huron,39,T
Huron,40,T
Huron,40,C
Huron,41,A
Huron,41,T
Huron,42,A
Huron,42,T
Huron,43,T
Huron,43,C
Huron,44,T
Huron,44,T
Huron,45,T
Huron,45,C
Huron,46,T
Huron,46,T
Huron,47,T
Huron,47,T
Huron,48,T
Huron,48,T
Huron,49,T
Huron,49,T
Huron,50,T
Huron,50,T
Huron,51,T
Huron,51,T
Huron,52,T
Huron,52,T
Huron,53,T
Huron,53,T
Huron,54,T
Huron,54,T
Huron,55,T
Huron,55,C
Huron,56,T
Huron,56,T
Huron,57,T
Huron,57,G
Huron,58,A
Huron,58,C
Huron,59,T
Huron,59,T
Huron,60,A
Huron,60,C
Huron,61,T
Huron,61,T
Huron,62,T
Huron,62,C
Huron,63,T
Huron,63,C
Huron,64,T
Huron,64,C
Huron,65,T
Huron,65,T
Huron,66,C
Huron,66,T
Huron,67,T
Huron,67,T
Huron,68,C
Huron,68,T
Huron,69,T
Huron,69,T
Huron,70,A
Huron,70,T
Huron,71,T
Huron,71,T
Huron,72,T
Huron,72,T
Huron,73,T
Huron,73,G
Huron,74,T
Huron,74,T
Huron,75,T
Huron,75,T
Huron,76,T
Huron,76,G
Huron,77,T
Huron,77,T
Huron,78,C
Huron,78,T
Huron,79,C
Huron,79,G
Huron,80,C
Huron,80,T
Huron,81,T
Huron,81,C
Huron,82,T
Huron,82,C
Huron,83,C
Huron,83,T
Huron,84,T
Huron,84,T
Huron,85,G
Huron,85,T
Huron,86,T
Huron,86,T
Huron,87,T
Huron,87,T
Huron,88,T
Huron,88,T
Huron,89,T
Huron,89,T
Huron,90,T
Huron,90,T
Huron,91,T
Huron,91,T
Huron,92,T
Huron,92,T
Huron,93,T
Huron,93,G
Huron,94,A
Huron,94,C
Huron,95,T
Huron,95,T
Huron,96,T
Huron,96,T
Huron,97,G
Huron,97,C
Huron,98,T
Huron,98,A
Huron,99,T
Huron,99,A
Huron,100,A
Huron,100,T
Huron,101,T
Huron,101,C
Huron,102,T
Huron,102,A
Huron,103,T
Huron,103,T
Huron,104,A
Huron,104,T
Huron,105,T
Huron,105,T
Huron,106,T
Huron,106,T
Huron,107,T
Huron,107,T
Huron,108,T
Huron,108,T
Huron,109,T
Huron,109,A
Huron,110,T
Huron,110,T
Huron,111,C
Huron,111,A
Huron,112,T
Huron,112,C
Huron,113,T
Huron,113,G
Huron,114,T
Huron,114,A
Huron,115,T
Huron,115,T
Huron,116,T
Huron,116,C
Huron,117,T
Huron,117,C
Huron,118,T
Huron,118,T
Huron,119,T
Huron,119,T
Huron,120,T
Huron,120,C
Huron,121,C
Huron,121,T
Huron,122,T
Huron,122,T
Huron,123,C
Huron,123,T
Huron,124,T
Huron,124,T
Huron,125,G
Huron,125,T
Huron,126,G
Huron,126,T
Huron,127,C
Huron,127,C
Huron,128,T
Huron,128,A
Huron,129,C
Huron,129,C
Huron,130,T
Huron,130,T
Huron,131,C
Huron,131,C
Huron,132,T
Huron,132,T
Huron,133,T
Huron,133,C
Huron,134,C
Huron,134,T
Huron,135,C
Huron,135,G
Huron,136,T
Huron,136,T
Huron,137,T
Huron,137,T
Huron,138,T
Huron,138,T
Huron,139,T
Huron,139,T
Huron,140,A
Huron,140,C
Huron,141,G
Huron,141,T
Huron,142,T
Huron,142,G
Huron,143,T
Huron,143,T
Huron,144,T
Huron,144,T
Huron,145,T
Huron,145,C
Huron,146,C
Huron,146,T
Huron,147,T
Huron,147,T
Huron,148,T
Huron,148,T
Huron,149,T
Huron,149,C
Huron,150,T
Huron,150,T
Huron,151,T
Huron,151,T
Huron,152,G
Huron,152,T
Huron,153,T
Huron,153,C
Huron,154,G
Huron,154,T
Huron,155,T
Huron,155,T
Huron,156,G
Huron,156,G
Huron,157,C
Huron,157,T
Huron,158,T
Huron,158,G
Huron,159,A
Huron,159,A
Huron,160,T
Huron,160,T
Huron,161,T
Huron,161,T
Huron,162,T
Huron,162,C
Huron,163,T
Huron,163,C
Huron,164,C
Huron,164,T
Huron,165,T
Huron,165,C
Huron,166,T
Huron,166,T
Huron,167,C
Huron,167,G
Huron,168,T
Huron,168,T
Huron,169,T
Huron,169,T
Huron,170,T
Huron,170,T
Huron,171,T
Huron,171,T
Huron,172,G
Huron,172,T
Huron,173,A
Huron,173,T
Huron,174,C
Huron,174,T
Huron,175,T
Huron,175,C
Huron,176,T
Huron,176,G
Huron,177,C
Huron,177,T
Huron,178,T
Huron,178,T
Huron,179,T
Huron,179,G
Huron,180,A
Huron,180,A
Huron,181,T
Huron,181,T
Huron,182,C
Huron,182,T
Huron,183,T
Huron,183,T
Huron,184,T
Huron,184,T
Huron,185,G
Huron,185,T
Huron,186,T
Huron,186,T
Huron,187,C
Huron,187,T
Huron,188,T
Huron,188,A
Huron,189,T
Huron,189,T
Huron,190,T
Huron,190,T
Huron,191,G
Huron,191,C
Huron,192,T
Huron,192,C
Huron,193,C
Huron,193,T
Huron,194,T
Huron,194,G
Huron,195,T
Huron,195,C
Huron,196,C
Huron,196,T
Huron,197,G
Huron,197,C
Huron,198,T
Huron,198,C
Huron,199,A
Huron,199,T
Huron,200,T
Huron,200,T
Huron,201,C
Huron,201,G
Huron,202,A
Huron,202,T
Huron,203,T
Huron,203,G
Huron,204,C
Huron,204,T
Huron,205,G
Huron,205,C
Huron,206,T
Huron,206,T
Huron,207,G
Huron,207,A
Huron,208,T
Huron,208,T
Huron,209,T
Huron,209,C
Huron,210,G
Huron,210,G
Huron,211,T
Huron,211,C
Huron,212,C
Huron,212,A
Huron,213,T
Huron,213,T
Huron,214,T
Huron,214,T
Huron,215,T
Huron,215,T
Huron,216,G
Huron,216,C
Huron,217,T
Huron,217,C
Huron,218,T
Huron,218,T
Huron,219,T
Huron,219,T
Huron,220,G
Huron,220,A
Huron,221,T
Huron,221,T
Huron,222,T
Huron,222,A
Huron,223,C
Huron,223,A
Huron,224,T
Huron,224,T
Huron,225,G
Huron,225,T
Huron,226,C
Huron,226,T
Huron,227,T
Huron,227,C
Huron,228,C
Huron,228,C
Huron,229,T
Huron,229,G
Huron,230,T
Huron,230,T
Huron,231,T
Huron,231,C
Huron,232,T
Huron,232,A
Huron,233,C
Huron,233,T
Huron,234,T
Huron,234,T
Huron,235,C
Huron,235,C
Huron,236,T
Huron,236,T
Huron,237,G
Huron,237,T
Huron,238,G
Huron,238,T
Huron,239,A
Huron,239,T
Huron,240,A
Huron,240,T
Huron,241,T
Huron,241,T
Huron,242,T
Huron,242,T
Huron,243,T
Huron,243,A
Huron,244,T
Huron,244,A
Huron,245,C
Huron,245,T
Huron,246,T
Huron,246,T
Huron,247,C
Huron,247,T
Huron,248,T
Huron,248,T
Huron,249,T
Huron,249,A
Huron,250,T
Huron,250,G
Huron,251,C
Huron,251,T
Huron,252,C
Huron,252,T
Huron,253,T
Huron,253,T
Huron,254,C
Huron,254,T
Huron,255,C
Huron,255,C
Huron,256,T
Huron,256,A
Huron,257,T
Huron,257,T
Huron,258,C
Huron,258,C
Huron,259,T
Huron,259,T
Huron,260,G
Huron,260,G
Huron,261,A
Huron,261,C
Huron,262,T
Huron,262,G
Huron,263,T
Huron,263,T
Huron,264,T
Huron,264,T
Huron,265,T
Huron,265,T
Huron,266,T
Huron,266,C
Huron,267,G
Huron,267,T
Huron,268,C
Huron,268,C
Huron,269,T
Huron,269,C
Huron,270,T
Huron,270,T
Huron,271,T
Huron,271,T
Huron,272,C
Huron,272,T
Huron,273,T
Huron,273,T
Huron,274,T
Huron,274,T
Huron,275,C
Huron,275,T
Huron,276,T
Huron,276,T
Huron,277,G
Huron,277,A
Huron,278,T
Huron,278,T
Huron,279,T
Huron,279,C
Huron,280,T
Huron,280,C
Huron,281,T
Huron,281,T
Huron,282,T
Huron,282,T
Huron,283,T
Huron,283,T
Huron,284,G
Huron,284,T
Huron,285,T
Huron,285,T
Huron,286,T
Huron,286,T
Huron,287,T
Huron,287,T
Huron,288,C
Huron,288,G
Huron,289,T
Huron,289,C
Huron,290,T
Huron,290,G
Huron,291,C
Huron,291,C
Huron,292,G
Huron,292,G
Huron,293,T
Huron,293,C
Huron,294,T
Huron,294,T
Huron,295,T
Huron,295,C
Huron,296,G
Huron,296,T
Huron,297,T
Huron,297,C
Huron,298,G
Huron,298,T
Huron,299,T
Huron,299,T
Huron,300,C
Huron,300,C
Huron,301,T
Huron,301,T
Huron,302,T
Huron,302,A
Huron,303,T
Huron,303,T
Huron,304,G
Huron,304,A
Huron,305,C
Huron,305,C
Huron,306,T
Huron,306,C
Huron,307,A
Huron,307,T
Huron,308,T
Huron,308,C
Huron,309,T
Huron,309,T
Huron,310,C
Huron,310,T
Huron,311,T
Huron,311,T
Huron,312,C
Huron,312,T
Huron,313,C
Huron,313,T
Huron,314,C
Huron,314,C
Huron,315,T
Huron,315,T
Huron,316,C
Huron,316,C
Huron,317,T
Huron,317,T
Huron,318,C
Huron,318,T
Huron,319,C
Huron,319,T
Huron,320,G
Huron,320,T
Huron,321,T
Huron,321,T
Huron,322,T
Huron,322,C
Huron,323,T
Huron,323,T
Huron,324,C
Huron,324,T
Huron,325,C
Huron,325,C
Huron,326,G
Huron,326,T
Huron,327,T
Huron,327,T
Huron,328,T
Huron,328,T
Huron,329,T
Huron,329,G
Huron,330,C
Huron,330,T
Huron,331,C
Huron,331,C
Huron,332,A
Huron,332,G
Huron,333,C
Huron,333,T
Huron,334,C
Huron,334,A
Huron,335,T
Huron,335,C
Huron,336,C
Huron,336,T
Huron,337,C
Huron,337,A
Huron,338,C
Huron,338,G
Huron,339,C
Huron,339,T
Huron,340,T
Huron,340,A
Huron,341,T
Huron,341,G
Huron,342,C
Huron,342,T
Huron,343,A
Huron,343,T
Huron,344,T
Huron,344,T
Huron,345,C
Huron,345,A
Huron,346,T
Huron,346,T
Huron,347,T
Huron,347,T
Huron,348,T
Huron,348,T
Huron,349,T
Huron,349,T
Huron,350,T
Huron,350,G
Huron,351,T
Huron,351,A
Huron,352,C
Huron,352,T
Huron,353,T
Huron,353,A
Huron,354,A
Huron,354,C
Huron,355,C
Huron,355,T
Huron,356,C
Huron,356,T
Huron,357,T
Huron,357,C
Huron,358,T
Huron,358,T
Huron,359,T
Huron,359,T
Huron,360,T
Huron,360,T
Huron,361,G
Huron,361,C
Huron,362,T
Huron,362,G
Huron,363,T
Huron,363,G
Huron,364,T
Huron,364,G
Huron,365,T
Huron,365,C
Huron,366,C
Huron,366,T
Huron,367,C
Huron,367,T
Huron,368,C
Huron,368,T
Huron,369,T
Huron,369,C
Huron,370,G
Huron,370,G
Huron,371,G
Huron,371,C
Huron,372,T
Huron,372,C
Huron,373,A
Huron,373,T
Huron,374,C
Huron,374,T
Huron,375,T
Huron,375,C
Huron,376,T
Huron,376,C
Huron,377,G
Huron,377,T
Huron,378,T
Huron,378,C
Huron,379,T
Huron,379,C
Huron,380,T
Huron,380,T
Huron,381,A
Huron,381,T
Huron,382,T
Huron,382,T
Huron,383,T
Huron,383,T
Huron,384,G
Huron,384,T
Huron,385,T
Huron,385,T
Huron,386,T
Huron,386,T
Huron,387,T
Huron,387,A
Huron,388,A
Huron,388,T
Huron,389,C
Huron,389,T
Huron,390,G
Huron,390,T
Huron,391,G
Huron,391,T
Huron,392,A
Huron,392,T
Huron,393,T
Huron,393,T
Huron,394,T
Huron,394,C
Huron,395,T
Huron,395,C
Huron,396,T
Huron,396,T
Huron,397,A
Huron,397,T
Huron,398,T
Huron,398,A
Huron,399,A
Huron,399,T
Huron,400,T
Huron,400,A
Huron,401,T
Huron,401,A
Huron,402,T
Huron,402,T
Huron,403,C
Huron,403,T
Huron,404,T
Huron,404,C
Huron,405,T
Huron,405,T
Huron,406,T
Huron,406,C
Huron,407,T
Huron,407,C
Huron,408,T
Huron,408,T
Huron,409,T
Huron,409,C
Huron,410,T
Huron,410,C
Huron,411,A
Huron,411,T
Huron,412,C
Huron,412,T
Huron,413,T
Huron,413,T
Huron,414,T
Huron,414,T
Huron,415,A
Huron,415,C
Huron,416,T
Huron,416,T
Huron,417,T
Huron,417,T
Huron,418,T
Huron,418,T
Huron,419,C
Huron,419,G
Huron,420,A
Huron,420,T
Huron,421,T
Huron,421,G
Huron,422,T
Huron,422,T
Huron,423,T
Huron,423,T
Huron,424,T
Huron,424,T
Huron,425,T
Huron,425,T
Huron,426,T
Huron,426,C
Huron,427,G
Huron,427,A
Huron,428,T
Huron,428,T
Huron,429,T
Huron,429,C
Huron,430,T
Huron,430,T
Huron,431,T
Huron,431,T
Huron,432,A
Huron,432,T
Huron,433,T
Huron,433,T
Huron,434,T
Huron,434,T
Huron,435,T
Huron,435,C
Huron,436,C
Huron,436,T
Huron,437,T
Huron,437,C
Huron,438,T
Huron,438,T
Huron,439,A
Huron,439,C
Huron,440,T
Huron,440,T
Huron,441,C
Huron,441,T
Huron,442,A
Huron,442,T
Huron,443,A
Huron,443,T
Huron,444,T
Huron,444,G
Huron,445,G
Huron,445,T
Huron,446,T
Huron,446,A
Huron,447,C
Huron,447,T
Huron,448,T
Huron,448,T
Huron,449,A
Huron,449,C
Huron,450,C
Huron,450,C
Huron,451,T
Huron,451,A
Huron,452,C
Huron,452,T
Huron,453,T
Huron,453,G
Huron,454,T
Huron,454,T
Huron,455,C
Huron,455,T
Huron,456,C
Huron,456,T
Huron,457,C
Huron,457,T
Huron,458,T
Huron,458,C
Huron,459,T
Huron,459,G
Huron,460,T
Huron,460,T
Huron,461,T
Huron,461,T
Huron,462,T
Huron,462,T
Huron,463,C
Huron,463,C
Huron,464,G
Huron,464,T
Huron,465,T
Huron,465,T
Huron,466,T
Huron,466,C
Huron,467,C
Huron,467,A
Huron,468,C
Huron,468,T
Huron,469,A
Huron,469,T
Huron,470,T
Huron,470,T
Huron,471,C
Huron,471,T
Huron,472,C
Huron,472,T
Huron,473,G
Huron,473,C
Huron,474,C
Huron,474,T
Huron,475,T
Huron,475,G
Huron,476,T
Huron,476,C
Huron,477,A
Huron,477,T
Huron,478,T
Huron,478,T
Huron,479,T
Huron,479,C
Huron,480,C
Huron,480,G
Huron,481,T
Huron,481,T
Huron,482,T
Huron,482,T
Huron,483,T
Huron,483,T
Huron,484,G
Huron,484,T
Huron,485,T
Huron,485,C
Huron,486,G
Huron,486,T
Huron,487,C
Huron,487,T
Huron,488,C
Huron,488,T
Huron,489,T
Huron,489,A
Huron,490,G
Huron,490,T
Huron,491,G
Huron,491,T
Huron,492,C
Huron,492,C
Huron,493,G
Huron,493,T
Huron,494,T
Huron,494,T
Huron,495,T
Huron,495,C
Huron,496,A
Huron,496,T
Huron,497,C
Huron,497,C
Huron,498,A
Huron,498,T
Huron,499,T
Huron,499,C
Huron,500,C
Huron,500,T
Charlevoix,1,A
Charlevoix,1,A
Charlevoix,2,A
Charlevoix,2,A
Charlevoix,3,A
Charlevoix,3,G
Charlevoix,4,G
Charlevoix,4,C
Charlevoix,5,A
Charlevoix,5,G
Charlevoix,6,A
Charlevoix,6,A
Charlevoix,7,C
Charlevoix,7,A
Charlevoix,8,A
Charlevoix,8,A
Charlevoix,9,A
Charlevoix,9,C
Charlevoix,10,A
Charlevoix,10,A
Charlevoix,11,A
Charlevoix,11,G
Charlevoix,12,C
Charlevoix,12,A
Charlevoix,13,A
Charlevoix,13,A
Charlevoix,14,A
Charlevoix,14,T
Charlevoix,15,T
Charlevoix,15,T
Charlevoix,16,A
Charlevoix,16,A
Charlevoix,17,T
Charlevoix,17,T
Charlevoix,18,A
Charlevoix,18,A
Charlevoix,19,A
Charlevoix,19,A
Charlevoix,20,T
Charlevoix,20,A
Charlevoix,21,T
Charlevoix,21,A
Charlevoix,22,C
Charlevoix,22,T
Charlevoix,23,T
Charlevoix,23,G
Charlevoix,24,A
Charlevoix,24,A
Charlevoix,25,A
Charlevoix,25,A
Charlevoix,26,A
Charlevoix,26,T
Charlevoix,27,A
Charlevoix,27,G
Charlevoix,28,A
Charlevoix,28,A
Charlevoix,29,T
Charlevoix,29,A
Charlevoix,30,A
Charlevoix,30,A
Charlevoix,31,C
Charlevoix,31,A
Charlevoix,32,T
Charlevoix,32,A
Charlevoix,33,G
Charlevoix,33,T
Charlevoix,34,A
Charlevoix,34,T
Charlevoix,35,C
Charlevoix,35,A
Charlevoix,36,A
Charlevoix,36,A
Charlevoix,37,G
Charlevoix,37,A
Charlevoix,38,C
Charlevoix,38,A
Charlevoix,39,G
Charlevoix,39,A
Charlevoix,40,A
Charlevoix,40,A
Charlevoix,41,G
Charlevoix,41,T
Charlevoix,42,A
Charlevoix,42,A
Charlevoix,43,A
Charlevoix,43,C
Charlevoix,44,A
Charlevoix,44,A
Charlevoix,45,A
Charlevoix,45,A
Charlevoix,46,T
Charlevoix,46,A
Charlevoix,47,A
Charlevoix,47,A
Charlevoix,48,A
Charlevoix,48,A
Charlevoix,49,C
Charlevoix,49,T
Charlevoix,50,C
Charlevoix,50,A
Charlevoix,51,C
Charlevoix,51,A
Charlevoix,52,A
Charlevoix,52,T
Charlevoix,53,A
Charlevoix,53,G
Charlevoix,54,A
Charlevoix,54,T
Charlevoix,55,A
Charlevoix,55,A
Charlevoix,56,A
Charlevoix,56,A
Charlevoix,57,A
Charlevoix,57,T
Charlevoix,58,A
Charlevoix,58,A
Charlevoix,59,A
Charlevoix,59,T
Charlevoix,60,A
Charlevoix,60,A
Charlevoix,61,C
Charlevoix,61,A
Charlevoix,62,T
Charlevoix,62,A
Charlevoix,63,T
Charlevoix,63,A
Charlevoix,64,A
Charlevoix,64,A
Charlevoix,65,G
Charlevoix,65,A
Charlevoix,66,A
Charlevoix,66,A
Charlevoix,67,T
Charlevoix,67,G
Charlevoix,68,A
Charlevoix,68,A
Charlevoix,69,G
Charlevoix,69,A
Charlevoix,70,A
Charlevoix,70,T
Charlevoix,71,C
Charlevoix,71,A
Charlevoix,72,A
Charlevoix,72,G
Charlevoix,73,G
Charlevoix,73,A
Charlevoix,74,A
Charlevoix,74,G
Charlevoix,75,A
Charlevoix,75,G
Charlevoix,76,A
Charlevoix,76,C
Charlevoix,77,C
Charlevoix,77,T
Charlevoix,78,C
Charlevoix,78,G
Charlevoix,79,G
Charlevoix,79,A
Charlevoix,80,T
Charlevoix,80,A
Charlevoix,81,T
Charlevoix,81,T
Charlevoix,82,A
Charlevoix,82,A
Charlevoix,83,A
Charlevoix,83,G
Charlevoix,84,A
Charlevoix,84,A
Charlevoix,85,C
Charlevoix,85,A
Charlevoix,86,A
Charlevoix,86,A
Charlevoix,87,C
Charlevoix,87,A
Charlevoix,88,A
Charlevoix,88,A
Charlevoix,89,T
Charlevoix,89,T
Charlevoix,90,A
Charlevoix,90,T
Charlevoix,91,G
Charlevoix,91,A
Charlevoix,92,G
Charlevoix,92,A
Charlevoix,93,A
Charlevoix,93,T
Charlevoix,94,A
Charlevoix,94,G
Charlevoix,95,A
Charlevoix,95,A
Charlevoix,96,A
Charlevoix,96,G
Charlevoix,97,A
Charlevoix,97,A
Charlevoix,98,A
Charlevoix,98,A
Charlevoix,99,A
Charlevoix,99,T
Charlevoix,100,A
Charlevoix,100,G
Charlevoix,101,T
Charlevoix,101,A
Charlevoix,102,A
Charlevoix,102,A
Charlevoix,103,A
Charlevoix,103,A
Charlevoix,104,A
Charlevoix,104,C
Charlevoix,105,A
Charlevoix,105,A
Charlevoix,106,A
Charlevoix,106,T
Charlevoix,107,T
Charlevoix,107,G
Charlevoix,108,A
Charlevoix,108,A
Charlevoix,109,A
Charlevoix,109,A
Charlevoix,110,T
Charlevoix,110,T
Charlevoix,111,A
Charlevoix,111,A
Charlevoix,112,C
Charlevoix,112,T
Charlevoix,113,A
Charlevoix,113,A
Charlevoix,114,T
Charlevoix,114,A
Charlevoix,115,A
Charlevoix,115,A
Charlevoix,116,C
Charlevoix,116,A
Charlevoix,117,A
Charlevoix,117,A
Charlevoix,118,A
Charlevoix,118,A
Charlevoix,119,A
Charlevoix,119,A
Charlevoix,120,A
Charlevoix,120,A
Charlevoix,121,A
Charlevoix,121,A
Charlevoix,122,G
Charlevoix,122,A
Charlevoix,123,C
Charlevoix,123,T
Charlevoix,124,C
Charlevoix,124,G
Charlevoix,125,A
Charlevoix,125,A
Charlevoix,126,G
Charlevoix,126,T
Charlevoix,127,A
Charlevoix,127,A
Charlevoix,128,C
Charlevoix,128,A
Charlevoix,129,C
Charlevoix,129,A
Charlevoix,130,A
Charlevoix,130,A
Charlevoix,131,A
Charlevoix,131,C
Charlevoix,132,T
Charlevoix,132,A
Charlevoix,133,C
Charlevoix,133,A
Charlevoix,134,G
Charlevoix,134,T
Charlevoix,135,G
Charlevoix,135,G
Charlevoix,136,T
Charlevoix,136,A
Charlevoix,137,A
Charlevoix,137,A
Charlevoix,138,A
Charlevoix,138,A
Charlevoix,139,A
Charlevoix,139,A
Charlevoix,140,G
Charlevoix,140,C
Charlevoix,141,A
Charlevoix,141,A
Charlevoix,142,A
Charlevoix,142,A
Charlevoix,143,G
Charlevoix,143,A
Charlevoix,144,A
Charlevoix,144,T
Charlevoix,145,A
Charlevoix,145,A
Charlevoix,146,T
Charlevoix,146,T
Charlevoix,147,A
Charlevoix,147,A
Charlevoix,148,A
Charlevoix,148,C
Charlevoix,149,T
Charlevoix,149,G
Charlevoix,150,A
Charlevoix,150,A
Charlevoix,151,T
Charlevoix,151,A
Charlevoix,152,T
Charlevoix,152,C
Charlevoix,153,G
Charlevoix,153,A
Charlevoix,154,A
Charlevoix,154,A
Charlevoix,155,C
Charlevoix,155,T
Charlevoix,156,A
Charlevoix,156,G
Charlevoix,157,T
Charlevoix,157,T
Charlevoix,158,A
Charlevoix,158,T
Charlevoix,159,A
Charlevoix,159,A
Charlevoix,160,A
Charlevoix,160,T
Charlevoix,161,A
Charlevoix,161,A
Charlevoix,162,C
Charlevoix,162,A
Charlevoix,163,C
Charlevoix,163,A
Charlevoix,164,A
Charlevoix,164,A
Charlevoix,165,G
Charlevoix,165,A
Charlevoix,166,A
Charlevoix,166,T
Charlevoix,167,G
Charlevoix,167,A
Charlevoix,168,A
Charlevoix,168,C
Charlevoix,169,A
Charlevoix,169,T
Charlevoix,170,A
Charlevoix,170,A
Charlevoix,171,A
Charlevoix,171,A
Charlevoix,172,A
Charlevoix,172,C
Charlevoix,173,A
Charlevoix,173,A
Charlevoix,174,T
Charlevoix,174,A
Charlevoix,175,T
Charlevoix,175,A
Charlevoix,176,A
Charlevoix,176,A
Charlevoix,177,A
Charlevoix,177,G
Charlevoix,178,A
Charlevoix,178,A
Charlevoix,179,T
Charlevoix,179,A
Charlevoix,180,G
Charlevoix,180,A
Charlevoix,181,C
Charlevoix,181,A
Charlevoix,182,A
Charlevoix,182,T
Charlevoix,183,C
Charlevoix,183,T
Charlevoix,184,A
Charlevoix,184,A
Charlevoix,185,C
Charlevoix,185,A
Charlevoix,186,A
Charlevoix,186,T
Charlevoix,187,T
Charlevoix,187,T
Charlevoix,188,A
Charlevoix,188,C
Charlevoix,189,G
Charlevoix,189,A
Charlevoix,190,A
Charlevoix,190,A
Charlevoix,191,C
Charlevoix,191,C
Charlevoix,192,T
Charlevoix,192,T
Charlevoix,193,A
Charlevoix,193,C
Charlevoix,194,T
Charlevoix,194,T
Charlevoix,195,A
Charlevoix,195,A
Charlevoix,196,G
Charlevoix,196,T
Charlevoix,197,A
Charlevoix,197,T
Charlevoix,198,A
Charlevoix,198,A
Charlevoix,199,A
Charlevoix,199,A
Charlevoix,200,G
Charlevoix,200,A
Charlevoix,201,G
Charlevoix,201,A
Charlevoix,202,T
Charlevoix,202,T
Charlevoix,203,A
Charlevoix,203,G
Charlevoix,204,C
Charlevoix,204,A
Charlevoix,205,A
Charlevoix,205,G
Charlevoix,206,T
Charlevoix,206,A
Charlevoix,207,G
Charlevoix,207,A
Charlevoix,208,C
Charlevoix,208,A
Charlevoix,209,A
Charlevoix,209,C
Charlevoix,210,A
Charlevoix,210,T
Charlevoix,211,A
Charlevoix,211,T
Charlevoix,212,A
Charlevoix,212,A
Charlevoix,213,A
Charlevoix,213,C
Charlevoix,214,T
Charlevoix,214,T
Charlevoix,215,T
Charlevoix,215,G
Charlevoix,216,A
Charlevoix,216,A
Charlevoix,217,A
Charlevoix,217,C
Charlevoix,218,T
Charlevoix,218,A
Charlevoix,219,T
Charlevoix,219,A
Charlevoix,220,A
Charlevoix,220,A
Charlevoix,221,A
Charlevoix,221,A
Charlevoix,222,A
Charlevoix,222,A
Charlevoix,223,C
Charlevoix,223,A
Charlevoix,224,T
Charlevoix,224,G
Charlevoix,225,A
Charlevoix,225,A
Charlevoix,226,A
Charlevoix,226,A
Charlevoix,227,A
Charlevoix,227,A
Charlevoix,228,C
Charlevoix,228,A
Charlevoix,229,T
Charlevoix,229,A
Charlevoix,230,C
Charlevoix,230,T
Charlevoix,231,A
Charlevoix,231,A
Charlevoix,232,C
Charlevoix,232,A
Charlevoix,233,C
Charlevoix,233,A
Charlevoix,234,G
Charlevoix,234,A
Charlevoix,235,T
Charlevoix,235,A
Charlevoix,236,A
Charlevoix,236,T
Charlevoix,237,A
Charlevoix,237,A
Charlevoix,238,G
Charlevoix,238,G
Charlevoix,239,A
Charlevoix,239,A
Charlevoix,240,T
Charlevoix,240,A
Charlevoix,241,A
Charlevoix,241,A
Charlevoix,242,A
Charlevoix,242,A
Charlevoix,243,T
Charlevoix,243,A
Charlevoix,244,A
Charlevoix,244,T
Charlevoix,245,T
Charlevoix,245,A
Charlevoix,246,A
Charlevoix,246,A
Charlevoix,247,A
Charlevoix,247,A
Charlevoix,248,C
Charlevoix,248,A
Charlevoix,249,A
Charlevoix,249,A
Charlevoix,250,G
Charlevoix,250,A
Charlevoix,251,A
Charlevoix,251,T
Charlevoix,252,A
Charlevoix,252,G
Charlevoix,253,A
Charlevoix,253,A
Charlevoix,254,T
Charlevoix,254,A
Charlevoix,255,T
Charlevoix,255,T
Charlevoix,256,T
Charlevoix,256,A
Charlevoix,257,A
Charlevoix,257,T
Charlevoix,258,A
Charlevoix,258,A
Charlevoix,259,A
Charlevoix,259,A
Charlevoix,260,G
Charlevoix,260,T
Charlevoix,261,A
Charlevoix,261,A
Charlevoix,262,A
Charlevoix,262,A
Charlevoix,263,A
Charlevoix,263,A
Charlevoix,264,A
Charlevoix,264,G
Charlevoix,265,G
Charlevoix,265,T
Charlevoix,266,T
Charlevoix,266,C
Charlevoix,267,A
Charlevoix,267,A
Charlevoix,268,C
Charlevoix,268,A
Charlevoix,269,T
Charlevoix,269,A
Charlevoix,270,A
Charlevoix,270,A
Charlevoix,271,A
Charlevoix,271,A
Charlevoix,272,A
Charlevoix,272,G
Charlevoix,273,A
Charlevoix,273,C
Charlevoix,274,A
Charlevoix,274,A
Charlevoix,275,T
Charlevoix,275,A
Charlevoix,276,A
Charlevoix,276,G
Charlevoix,277,C
Charlevoix,277,A
Charlevoix,278,T
Charlevoix,278,A
Charlevoix,279,A
Charlevoix,279,A
Charlevoix,280,C
Charlevoix,280,A
Charlevoix,281,T
Charlevoix,281,A
Charlevoix,282,A
Charlevoix,282,A
Charlevoix,283,A
Charlevoix,283,A
Charlevoix,284,A
Charlevoix,284,A
Charlevoix,285,A
Charlevoix,285,A
Charlevoix,286,A
Charlevoix,286,T
Charlevoix,287,T
Charlevoix,287,C
Charlevoix,288,A
Charlevoix,288,A
Charlevoix,289,T
Charlevoix,289,A
Charlevoix,290,G
Charlevoix,290,G
Charlevoix,291,G
Charlevoix,291,A
Charlevoix,292,C
Charlevoix,292,A
Charlevoix,293,A
Charlevoix,293,T
Charlevoix,294,T
Charlevoix,294,A
Charlevoix,295,A
Charlevoix,295,A
Charlevoix,296,G
Charlevoix,296,T
Charlevoix,297,T
Charlevoix,297,A
Charlevoix,298,A
Charlevoix,298,T
Charlevoix,299,A
Charlevoix,299,C
Charlevoix,300,C
Charlevoix,300,T
Charlevoix,301,T
Charlevoix,301,A
Charlevoix,302,C
Charlevoix,302,T
Charlevoix,303,G
Charlevoix,303,A
Charlevoix,304,C
Charlevoix,304,A
Charlevoix,305,A
Charlevoix,305,C
Charlevoix,306,A
Charlevoix,306,A
Charlevoix,307,A
Charlevoix,307,A
Charlevoix,308,A
Charlevoix,308,A
Charlevoix,309,C
Charlevoix,309,A
Charlevoix,310,T
Charlevoix,310,T
Charlevoix,311,A
Charlevoix,311,A
Charlevoix,312,C
Charlevoix,312,A
Charlevoix,313,T
Charlevoix,313,T
Charlevoix,314,A
Charlevoix,314,T
Charlevoix,315,A
Charlevoix,315,T
Charlevoix,316,T
Charlevoix,316,A
Charlevoix,317,T
Charlevoix,317,T
Charlevoix,318,A
Charlevoix,318,G
Charlevoix,319,T
Charlevoix,319,A
Charlevoix,320,A
Charlevoix,320,G
Charlevoix,321,A
Charlevoix,321,A
Charlevoix,322,A
Charlevoix,322,T
Charlevoix,323,A
Charlevoix,323,A
Charlevoix,324,T
Charlevoix,324,A
Charlevoix,325,A
Charlevoix,325,T
Charlevoix,326,A
Charlevoix,326,G
Charlevoix,327,A
Charlevoix,327,A
Charlevoix,328,A
Charlevoix,328,A
Charlevoix,329,A
Charlevoix,329,A
Charlevoix,330,A
Charlevoix,330,A
Charlevoix,331,C
Charlevoix,331,T
Charlevoix,332,A
Charlevoix,332,A
Charlevoix,333,A
Charlevoix,333,T
Charlevoix,334,A
Charlevoix,334,A
Charlevoix,335,A
Charlevoix,335,A
Charlevoix,336,A
Charlevoix,336,T
Charlevoix,337,G
Charlevoix,337,G
Charlevoix,338,A
Charlevoix,338,A
Charlevoix,339,A
Charlevoix,339,T
Charlevoix,340,A
Charlevoix,340,C
Charlevoix,341,T
Charlevoix,341,T
Charlevoix,342,A
Charlevoix,342,A
Charlevoix,343,A
Charlevoix,343,A
Charlevoix,344,A
Charlevoix,344,A
Charlevoix,345,A
Charlevoix,345,G
Charlevoix,346,C
Charlevoix,346,G
Charlevoix,347,C
Charlevoix,347,A
Charlevoix,348,A
Charlevoix,348,A
Charlevoix,349,A
Charlevoix,349,C
Charlevoix,350,A
Charlevoix,350,A
Charlevoix,351,G
Charlevoix,351,A
Charlevoix,352,A
Charlevoix,352,A
Charlevoix,353,T
Charlevoix,353,G
Charlevoix,354,T
Charlevoix,354,G
Charlevoix,355,A
Charlevoix,355,A
Charlevoix,356,A
Charlevoix,356,A
Charlevoix,357,G
Charlevoix,357,A
Charlevoix,358,A
Charlevoix,358,C
Charlevoix,359,T
Charlevoix,359,T
Charlevoix,360,A
Charlevoix,360,A
Charlevoix,361,A
Charlevoix,361,T
Charlevoix,362,G
Charlevoix,362,A
Charlevoix,363,C
Charlevoix,363,A
Charlevoix,364,A
Charlevoix,364,T
Charlevoix,365,A
Charlevoix,365,C
Charlevoix,366,A
Charlevoix,366,A
Charlevoix,367,G
Charlevoix,367,A
Charlevoix,368,A
Charlevoix,368,A
Charlevoix,369,A
Charlevoix,369,T
Charlevoix,370,T
Charlevoix,370,A
Charlevoix,371,T
Charlevoix,371,A
Charlevoix,372,A
Charlevoix,372,A
Charlevoix,373,A
Charlevoix,373,C
Charlevoix,374,A
Charlevoix,374,A
Charlevoix,375,T
Charlevoix,375,A
Charlevoix,376,A
Charlevoix,376,C
Charlevoix,377,A
Charlevoix,377,T
Charlevoix,378,A
Charlevoix,378,A
Charlevoix,379,T
Charlevoix,379,A
Charlevoix,380,T
Charlevoix,380,C
Charlevoix,381,A
Charlevoix,381,A
Charlevoix,382,A
Charlevoix,382,T
Charlevoix,383,G
Charlevoix,383,A
Charlevoix,384,C
Charlevoix,384,C
Charlevoix,385,A
Charlevoix,385,A
Charlevoix,386,T
Charlevoix,386,A
Charlevoix,387,A
Charlevoix,387,T
Charlevoix,388,A
Charlevoix,388,A
Charlevoix,389,A
Charlevoix,389,A
Charlevoix,390,A
Charlevoix,390,A
Charlevoix,391,A
Charlevoix,391,A
Charlevoix,392,T
Charlevoix,392,A
Charlevoix,393,A
Charlevoix,393,T
Charlevoix,394,A
Charlevoix,394,A
Charlevoix,395,A
Charlevoix,395,G
Charlevoix,396,G
Charlevoix,396,A
Charlevoix,397,A
Charlevoix,397,C
Charlevoix,398,T
Charlevoix,398,A
Charlevoix,399,A
Charlevoix,399,T
Charlevoix,400,T
Charlevoix,400,A
Charlevoix,401,A
Charlevoix,401,A
Charlevoix,402,A
Charlevoix,402,A
Charlevoix,403,A
Charlevoix,403,G
Charlevoix,404,T
Charlevoix,404,A
Charlevoix,405,A
Charlevoix,405,A
Charlevoix,406,T
Charlevoix,406,A
Charlevoix,407,T
Charlevoix,407,T
Charlevoix,408,A
Charlevoix,408,G
Charlevoix,409,T
Charlevoix,409,T
Charlevoix,410,G
Charlevoix,410,A
Charlevoix,411,A
Charlevoix,411,C
Charlevoix,412,G
Charlevoix,412,A
Charlevoix,413,C
Charlevoix,413,A
Charlevoix,414,C
Charlevoix,414,A
Charlevoix,415,G
Charlevoix,415,T
Charlevoix,416,A
Charlevoix,416,C
Charlevoix,417,T
Charlevoix,417,C
Charlevoix,418,A
Charlevoix,418,T
Charlevoix,419,C
Charlevoix,419,T
Charlevoix,420,T
Charlevoix,420,A
Charlevoix,421,A
Charlevoix,421,A
Charlevoix,422,T
Charlevoix,422,T
Charlevoix,423,T
Charlevoix,423,T
Charlevoix,424,A
Charlevoix,424,T
Charlevoix,425,G
Charlevoix,425,A
Charlevoix,426,A
Charlevoix,426,A
Charlevoix,427,T
Charlevoix,427,T
Charlevoix,428,T
Charlevoix,428,A
Charlevoix,429,G
Charlevoix,429,A
Charlevoix,430,A
Charlevoix,430,A
Charlevoix,431,A
Charlevoix,431,C
Charlevoix,432,A
Charlevoix,432,T
Charlevoix,433,A
Charlevoix,433,A
Charlevoix,434,A
Charlevoix,434,A
Charlevoix,435,A
Charlevoix,435,A
Charlevoix,436,A
Charlevoix,436,A
Charlevoix,437,A
Charlevoix,437,T
Charlevoix,438,A
Charlevoix,438,T
Charlevoix,439,A
Charlevoix,439,C
Charlevoix,440,T
Charlevoix,440,C
Charlevoix,441,A
Charlevoix,441,A
Charlevoix,442,A
Charlevoix,442,A
Charlevoix,443,A
Charlevoix,443,A
Charlevoix,444,C
Charlevoix,444,T
Charlevoix,445,T
Charlevoix,445,C
Charlevoix,446,C
Charlevoix,446,T
Charlevoix,447,A
Charlevoix,447,A
Charlevoix,448,T
Charlevoix,448,C
Charlevoix,449,A
Charlevoix,449,A
Charlevoix,450,A
Charlevoix,450,G
Charlevoix,451,A
Charlevoix,451,A
Charlevoix,452,A
Charlevoix,452,A
Charlevoix,453,T
Charlevoix,453,A
Charlevoix,454,A
Charlevoix,454,A
Charlevoix,455,A
Charlevoix,455,T
Charlevoix,456,C
Charlevoix,456,A
Charlevoix,457,A
Charlevoix,457,A
Charlevoix,458,A
Charlevoix,458,C
Charlevoix,459,A
Charlevoix,459,C
Charlevoix,460,A
Charlevoix,460,G
Charlevoix,461,A
Charlevoix,461,T
Charlevoix,462,A
Charlevoix,462,T
Charlevoix,463,A
Charlevoix,463,A
Charlevoix,464,A
Charlevoix,464,A
Charlevoix,465,A
Charlevoix,465,T
Charlevoix,466,T
Charlevoix,466,G
Charlevoix,467,A
Charlevoix,467,A
Charlevoix,468,A
Charlevoix,468,C
Charlevoix,469,T
Charlevoix,469,A
Charlevoix,470,T
Charlevoix,470,A
Charlevoix,471,T
Charlevoix,471,C
Charlevoix,472,T
Charlevoix,472,T
Charlevoix,473,A
Charlevoix,473,T
Charlevoix,474,A
Charlevoix,474,T
Charlevoix,475,T
Charlevoix,475,T
Charlevoix,476,A
Charlevoix,476,G
Charlevoix,477,C
Charlevoix,477,G
Charlevoix,478,A
Charlevoix,478,A
Charlevoix,479,A
Charlevoix,479,A
Charlevoix,480,T
Charlevoix,480,A
Charlevoix,481,A
Charlevoix,481,A
Charlevoix,482,A
Charlevoix,482,C
Charlevoix,483,T
Charlevoix,483,A
Charlevoix,484,A
Charlevoix,484,G
Charlevoix,485,A
Charlevoix,485,A
Charlevoix,486,A
Charlevoix,486,C
Charlevoix,487,C
Charlevoix,487,A
Charlevoix,488,A
Charlevoix,488,C
Charlevoix,489,T
Charlevoix,489,T
Charlevoix,490,T
Charlevoix,490,A
Charlevoix,491,T
Charlevoix,491,A
Charlevoix,492,T
Charlevoix,492,A
Charlevoix,493,T
Charlevoix,493,A
Charlevoix,494,T
Charlevoix,494,T
Charlevoix,495,A
Charlevoix,495,G
Charlevoix,496,T
Charlevoix,496,T
Charlevoix,497,T
Charlevoix,497,A
Charlevoix,498,A
Charlevoix,498,A
Charlevoix,499,A
Charlevoix,499,T
Charlevoix,500,A
Charlevoix,500,A
